"","CHR","SNP","BP","A1","A2","T","U","P","Asian.MAF","European.MAF","p"
"330655",8,"RS987525",130015336,"A","C",554,311,1.43e-16,0.07911,0.2607,1.20437993566055e-16
"449346",11,"RS1784394",133468426,"C","T",84,228,3.57e-16,0.07438,0.0211,1.62141854372555e-16
"35645",1,"RS10863790",208054670,"C","A",312,538,9.064e-15,0.362,0.01723,8.30074111746658e-15
"220530",6,"RS28470596",31566612,"T","C",163,329,7.22e-14,0.1267,0.0472,5.90460646896275e-14
"330649",8,"RS1519847",129984942,"A","G",670,430,4.61e-13,0.1241,0.4066,4.67562764824898e-13
"330664",8,"RS882083",130051938,"T","C",616,393,2.21e-12,0.07791,0.4559,2.26703162076958e-12
"330652",8,"RS12542837",129995843,"C","T",668,435,2.29e-12,0.1254,0.4068,2.36313631475223e-12
"18256",1,"RS560426",94326026,"G","A",885,618,5.697e-12,0.3325,0.4692,6.02901786701899e-12
"330651",8,"RS1519841",129988982,"G","A",668,440,7.41e-12,0.1263,0.4063,7.74135169427623e-12
"330656",8,"RS12548036",130017064,"T","G",628,408,8.2e-12,0.09955,0.3958,8.53911796261844e-12
"788783",20,"RS13041247",38702488,"C","T",620,881,1.62e-11,0.4204,0.386,1.72576755231050e-11
"594454",15,"RS1715937",54582191,"T","C",3,48,2.95e-10,0.004846,0.01851,1.96749283531972e-11
"553031",14,"RS7141303",21466467,"C","G",4,51,2.34e-10,0.007429,0.01268,2.04742334197761e-11
"330650",8,"RS1530300",129988640,"C","T",530,333,2e-11,0.04707,0.3463,2.07725221852564e-11
"788784",20,"RS11696257",38704230,"T","C",621,881,1.96e-11,0.4207,0.386,2.09474374530432e-11
"78294",2,"RS11538422",173171229,"A","C",7,59,1.55e-10,0.006186,0.02031,2.38349332675261e-11
"35641",1,"RS2013162",208035307,"A","C",620,879,2.238e-11,0.4859,0.352,2.38930523267318e-11
"788782",20,"RS17820943",38701930,"T","C",620,877,3.09e-11,0.42,0.3859,3.30191188690225e-11
"22191",1,"RS34347074",113249328,"A","G",5,53,2.925e-10,0.005831,0.01418,3.4964767192669e-11
"35640",1,"RS2073485",208029417,"A","G",513,745,6.109e-11,0.4238,0.1726,6.5354481836066e-11
"256015",7,"RS11977445",3982056,"T","G",14,73,2.53e-10,0.008275,0.03084,8.58448951728239e-11
"330644",8,"RS1850889",129959587,"A","G",288,465,1.12e-10,0.03988,0.3037,1.17240248907386e-10
"176920",5,"RS6878305",55272451,"A","T",1,38,3.13e-09,0.004129,0.008479,1.45519152283669e-10
"330645",8,"RS1519850",129966003,"G","A",251,415,2.09e-10,0.03498,0.2555,2.18778602037500e-10
"36837",1,"RS12747405",213689575,"A","G",3,44,2.225e-09,0.003919,0.01562,2.46473064180464e-10
"330657",8,"RS7017252",130020026,"T","C",560,367,2.31e-10,0.05612,0.4231,2.47665320082191e-10
"330665",8,"RS11787407",130054622,"G","A",604,404,2.99e-10,0.08029,0.4704,3.21509729220399e-10
"330663",8,"RS1470206",130046646,"C","T",661,452,3.74e-10,0.1181,0.4598,4.03653655091216e-10
"95117",3,"RS34233937",9964107,"T","C",8,56,1.97e-09,0.003719,0.02508,5.56267224231973e-10
"330666",8,"RS12546523",130055292,"A","G",607,409,5.24e-10,0.08238,0.4734,5.66223131173666e-10
"643104",16,"RS34019675",67711441,"A","G",9,58,2.15e-09,0.00309,0.02472,6.81149789024705e-10
"37545",1,"RS6604575",216249077,"T","C",1,35,1.456e-08,0.01069,0.001235,1.07684172689915e-09
"35658",1,"RS12063989",208116516,"C","T",341,520,1.059e-09,0.3642,0.01775,1.14634507931409e-09
"788778",20,"RS6072081",38694468,"G","A",645,883,1.14e-09,0.4035,0.4414,1.24052870351219e-09
"788779",20,"RS6065259",38695393,"A","G",625,859,1.25e-09,0.3952,0.3971,1.35637471395952e-09
"35643",1,"RS861020",208043734,"A","G",686,479,1.322e-09,0.2289,0.2395,1.44088806764360e-09
"794561",20,"RS6121623",60501042,"A","C",0,30,4.32e-08,0.005992,0.006278,1.86264514923096e-09
"742618",19,"RS12974835",7736930,"A","G",5,46,9.4e-09,0.003934,0.01928,2.32801511401703e-09
"35670",1,"RS11119388",208241040,"G","A",372,550,4.57e-09,0.4006,0.01896,5.01132510271911e-09
"330658",8,"RS12547241",130021691,"A","G",555,377,5.52e-09,0.06115,0.484,6.06485174093951e-09
"651451",17,"RS9788972",8860355,"A","G",717,513,6e-09,0.2226,0.2887,6.58920051237417e-09
"314394",8,"RS10098902",39393418,"G","A",0,28,1.21e-07,0.002292,0.01277,7.45058059692383e-09
"694666",18,"RS11876611",2933278,"T","C",0,28,1.21e-07,0.003705,0.006455,7.45058059692383e-09
"794853",20,"RS34549270",62141898,"A","G",0,28,1.21e-07,0.005138,0.003739,7.45058059692383e-09
"742629",19,"RS661241",7759053,"A","G",330,496,7.66e-09,0.204,0.05234,8.41798075599455e-09
"330633",8,"RS2395855",129909921,"T","C",329,494,8.84e-09,0.06012,0.3101,9.73473550103933e-09
"35651",1,"RS126280",208086447,"A","G",712,512,1.087e-08,0.2361,0.2562,1.19599707975319e-08
"330646",8,"RS1519849",129966149,"A","G",323,485,1.2e-08,0.05546,0.3096,1.32831854600040e-08
"356325",9,"RS11139470",83786405,"A","G",8,50,3.49e-08,0.006324,0.02293,1.57026177546870e-08
"24782",1,"RS2241105",154486074,"T","C",246,388,1.705e-08,0.1404,0.1165,1.88126831866824e-08
"788789",20,"RS6102085",38715043,"G","A",890,668,1.86e-08,0.4687,0.3648,2.04523734623706e-08
"330641",8,"RS4733532",129950481,"G","A",324,483,2.18e-08,0.05501,0.3092,2.41490600943008e-08
"35657",1,"RS2064163",208115442,"T","G",537,736,2.44e-08,0.4109,0.1756,2.69182389945921e-08
"154500",4,"RS1967173",129769172,"T","C",467,653,2.73e-08,0.2917,0.1482,3.02107221602035e-08
"523503",13,"RS1855225",64914194,"A","C",31,92,3.79e-08,0.01613,0.03603,3.31735291743997e-08
"649087",16,"RS8047830",86592518,"T","C",3,36,1.26e-07,0.006869,0.00959,3.60887497663498e-08
"269823",7,"RS2042133",65569357,"A","G",466,650,3.63e-08,0.3185,0.4919,4.02060789134002e-08
"18283",1,"RS4147811",94347644,"A","G",601,807,4.021e-08,0.3395,0.3746,4.43309633811041e-08
"651464",17,"RS8069536",8897010,"T","G",314,191,4.41e-08,0.0464,0.1278,4.89753140215684e-08
"218935",6,"RS9380148",30060684,"A","G",9,50,9.41e-08,0.01578,0.002486,5.26483210222527e-08
"319587",8,"RS10104393",72380244,"A","G",1,29,3.19e-07,0.005492,0.00598,5.77419996261597e-08
"651452",17,"RS4791330",8861324,"C","T",724,532,6.04e-08,0.2924,0.3234,6.68306598219987e-08
"697155",18,"RS28372587",12057533,"T","C",7,45,1.37e-07,0.007614,0.01973,6.9738101515782e-08
"18278",1,"RS4147816",94347368,"A","G",604,807,6.509e-08,0.3397,0.3746,7.18327922158131e-08
"18274",1,"RS481931",94342604,"A","C",604,805,8.567e-08,0.3379,0.3666,9.4590586175039e-08
"18284",1,"RS3827712",94347759,"C","T",604,805,8.567e-08,0.3395,0.3746,9.4590586175039e-08
"18282",1,"RS4147812",94347631,"G","T",607,808,9.122e-08,0.3399,0.3747,1.00720927280428e-07
"402597",10,"RS7078160",118817550,"A","G",766,571,9.66e-08,0.4534,0.1937,1.06853290191793e-07
"35701",1,"RS12094311",208435759,"G","A",532,719,1.243e-07,0.4754,0.1484,1.37779963980794e-07
"18285",1,"RS3789432",94347896,"C","T",601,798,1.387e-07,0.3389,0.3711,1.53333995909477e-07
"3748",1,"RS742071",18852461,"T","G",484,334,1.566e-07,0.04804,0.4345,1.75377556649173e-07
"18318",1,"RS2151846",94360275,"C","A",656,860,1.611e-07,0.467,0.3985,1.77712113315821e-07
"35633",1,"RS17015169",208003537,"T","C",784,590,1.662e-07,0.3638,0.2603,1.83796232808888e-07
"788777",20,"RS6029228",38688962,"G","T",665,870,1.67e-07,0.4062,0.4123,1.84523153335992e-07
"119171",3,"RS7648565",138513288,"T","C",0,23,1.62e-06,0.002258,0.00571,2.38418579101562e-07
"750330",19,"RS8102425",59713707,"T","C",0,23,1.62e-06,0.004136,0.002495,2.38418579101562e-07
"50",1,"RS34810828",1259586,"T","C",4,35,6.907e-07,0.005469,0.02213,3.35316144628452e-07
"35702",1,"RS12060567",208437213,"A","G",536,717,3.165e-07,0.4742,0.1489,3.51437924427501e-07
"18275",1,"RS570926",94342806,"G","A",652,850,3.24e-07,0.4088,0.369,3.57725126138327e-07
"314397",8,"RS6998557",39421344,"C","A",8,44,5.97e-07,0.00437,0.02342,4.03932173931309e-07
"35639",1,"RS1044516",208026237,"A","C",566,750,3.934e-07,0.4873,0.1736,4.36240581038065e-07
"322591",8,"RS12543318",88937456,"A","C",657,852,5.17e-07,0.3779,0.3736,5.71103483943147e-07
"111174",3,"RS7632427",89617067,"C","T",490,660,5.36e-07,0.183,0.3812,5.96911625144773e-07
"788781",20,"RS6102074",38701599,"G","T",859,664,5.83e-07,0.3933,0.4224,6.43843472092972e-07
"3745",1,"RS17352100",18824699,"T","C",563,408,6.552e-07,0.08875,0.3998,7.34086137363365e-07
"651463",17,"RS9915089",8893619,"T","C",664,495,6.9e-07,0.1834,0.2995,7.68795264707627e-07
"18262",1,"RS952499",94331013,"T","C",880,684,7.193e-07,0.427,0.4623,7.9355278084449e-07
"18317",1,"RS3789452",94360089,"A","T",530,704,7.298e-07,0.2413,0.3276,8.11471023899295e-07
"35695",1,"RS10779526",208418819,"T","C",651,841,8.703e-07,0.4797,0.3208,9.61635472983376e-07
"283859",7,"RS10282720",144645732,"A","G",4,33,1.87e-06,0.007246,0.02345,1.08439417090267e-06
"35694",1,"RS2485893",208414778,"A","G",651,840,9.847e-07,0.4795,0.3205,1.08818582247310e-06
"112030",3,"RS704574",100966463,"A","G",660,847,1.46e-06,0.341,0.4961,1.60913149482792e-06
"112027",3,"RS792835",100958985,"C","T",658,844,1.59e-06,0.3409,0.4968,1.75906591403801e-06
"513332",13,"RS1044283",19429831,"T","C",13,51,2.03e-06,0.00478,0.02545,1.88096215642941e-06
"35665",1,"RS9429830",208177160,"T","C",679,867,1.741e-06,0.4822,0.4321,1.92142989434851e-06
"35663",1,"RS4844913",208134740,"A","G",676,863,1.872e-06,0.4826,0.4295,2.06657851468843e-06
"112040",3,"RS813218",101075286,"A","G",641,823,1.97e-06,0.3072,0.4813,2.17656224143658e-06
"3746",1,"RS766325",18829045,"A","G",698,532,2.21e-06,0.1775,0.4614,2.45930635320491e-06
"431173",11,"RS1013426",41991781,"C","T",69,137,2.16e-06,0.0002052,0.08354,2.48983749452508e-06
"651450",17,"RS2872615",8855418,"C","T",599,774,2.33e-06,0.4818,0.2368,2.57774070479204e-06
"3747",1,"RS6695765",18851907,"C","T",845,662,2.428e-06,0.3247,0.4515,2.68227186796218e-06
"651467",17,"RS8081823",8906276,"A","G",838,656,2.49e-06,0.4353,0.3213,2.75523660931324e-06
"433450",11,"RS17602572",59704950,"G","C",451,604,2.47e-06,0.1718,0.2812,2.76593943060094e-06
"445901",11,"RS7929848",120688537,"T","C",1,23,7.1e-06,0.003727,0.005699,2.98023223876954e-06
"150231",4,"RS28710412",104977731,"A","G",2,26,5.75e-06,0.000615,0.0114,3.03238630294801e-06
"255450",7,"RS34196912",1868062,"T","C",2,26,5.75e-06,0.003908,0.00744,3.03238630294801e-06
"112026",3,"RS792841",100953998,"G","T",583,754,2.92e-06,0.2376,0.4217,3.23568060013544e-06
"35674",1,"RS227178",208283569,"A","G",691,876,2.962e-06,0.4585,0.4293,3.26659340507643e-06
"112028",3,"RS704570",100959832,"T","C",513,674,2.97e-06,0.1993,0.3255,3.30688769511564e-06
"18324",1,"RS6686599",94369419,"A","G",628,803,3.726e-06,0.3211,0.3599,4.12213076853497e-06
"699753",18,"RS1616887",27414750,"G","A",860,679,3.95e-06,0.4399,0.4234,4.36246228087399e-06
"45578",2,"RS1607453",4195706,"A","G",3,28,7.12e-06,0.000616,0.01332,4.64916229248047e-06
"3742",1,"RS4920522",18812967,"T","C",731,566,4.615e-06,0.1986,0.4815,5.1249333403951e-06
"18309",1,"RS4147803",94354881,"G","C",635,809,4.673e-06,0.3183,0.4035,5.16820320462665e-06
"699757",18,"RS723744",27426474,"A","C",785,614,4.84e-06,0.323,0.3557,5.35401610874868e-06
"554465",14,"RS203582",26829516,"T","C",548,710,4.94e-06,0.3548,0.265,5.48843072952241e-06
"330670",8,"RS748978",130072298,"T","C",316,211,4.79e-06,0.07184,0.09877,5.50663151678382e-06
"330648",8,"RS1157136",129971092,"C","T",712,550,5.11e-06,0.1841,0.477,5.68042897859639e-06
"788786",20,"RS11698025",38707497,"A","G",460,609,5.18e-06,0.3435,0.1238,5.80051106949527e-06
"269148",7,"RS2037698",55274119,"A","G",108,186,5.39e-06,0.06293,0.09428,6.30916920770965e-06
"18272",1,"RS2297636",94341410,"G","A",806,634,5.826e-06,0.4419,0.2997,6.44296515209581e-06
"866969",22,"RS5765956",43529323,"C","T",908,725,5.94e-06,0.4863,0.4749,6.53664326641536e-06
"651456",17,"RS4791331",8872807,"T","C",692,534,6.41e-06,0.1906,0.4588,7.13094515341057e-06
"264563",7,"RS4090419",34898627,"A","G",435,578,7.02e-06,0.17,0.3192,7.87639829257718e-06
"18307",1,"RS4147804",94354815,"T","C",633,803,7.253e-06,0.3192,0.4027,8.01987313759109e-06
"111180",3,"RS10511145",89680369,"T","G",527,683,7.3e-06,0.1997,0.3817,8.12901221072586e-06
"322587",8,"RS7819401",88900831,"G","A",450,595,7.28e-06,0.2754,0.1557,8.14657970538421e-06
"402600",10,"RS4752028",118824981,"C","T",727,566,7.56e-06,0.3592,0.1948,8.38859496655129e-06
"3749",1,"RS6659735",18856284,"A","G",706,548,8.128e-06,0.1826,0.481,9.03481805638485e-06
"18315",1,"RS3789451",94358916,"T","C",668,841,8.448e-06,0.3751,0.4045,9.32209411104973e-06
"126624",3,"RS9823496",177152590,"C","A",824,653,8.61e-06,0.3737,0.3825,9.50751485764876e-06
"699762",18,"RS4799585",27444172,"T","C",754,591,8.81e-06,0.2866,0.3272,9.76274707375111e-06
"35627",1,"RS17015076",207979216,"T","C",305,425,8.938e-06,0.2692,0.02057,1.01605540753083e-05
"531025",13,"RS13542",99436393,"A","G",534,689,9.33e-06,0.2903,0.2195,1.03778761757392e-05
"18322",1,"RS11802196",94366631,"C","A",672,844,9.984e-06,0.3824,0.39,1.10124148157948e-05
"791266",20,"RS6122972",48808649,"G","A",308,428,9.72e-06,0.1096,0.1878,1.10495685516220e-05
"114228",3,"RS16859207",113306969,"G","A",456,332,9.99e-06,0.1676,0.1039,1.13245506636167e-05
"96491",3,"RS2729683",15329035,"C","A",489,637,1.03e-05,0.2538,0.1788,1.15093393480738e-05
"218861",6,"RS28360007",29996478,"G","A",163,253,1.02e-05,0.1447,0.08013,1.18886051458157e-05
"391318",10,"RS1475084",64275740,"A","G",662,832,1.09e-05,0.3565,0.4746,1.2046000721835e-05
"318114",8,"RS7845898",64008504,"T","C",464,608,1.09e-05,0.3143,0.1182,1.22138962927981e-05
"471341",12,"RS17849408",21514446,"C","T",342,467,1.11e-05,0.236,0.07331,1.25525383769387e-05
"791263",20,"RS2064278",48796589,"T","G",361,489,1.13e-05,0.1101,0.2588,1.27820527460227e-05
"744734",19,"RS7250008",20413668,"C","T",115,192,1.11e-05,0.1069,0.1099,1.30656350053233e-05
"471192",12,"RS4149057",21222866,"C","T",504,653,1.18e-05,0.2393,0.4477,1.32030397541461e-05
"391320",10,"RS10509173",64281895,"G","A",661,830,1.21e-05,0.3569,0.4734,1.32949426116565e-05
"330640",8,"RS11989880",129942164,"T","C",637,490,1.19e-05,0.1403,0.3732,1.33181865269506e-05
"218731",6,"RS1611190",29879277,"T","A",560,716,1.26e-05,0.2594,0.272,1.39754616919228e-05
"788790",20,"RS6016404",38716134,"A","C",826,658,1.29e-05,0.3463,0.3638,1.42836238892804e-05
"78597",2,"RS10497422",174561031,"A","C",22,62,1.28e-05,0.05993,0.08228,1.46559534758879e-05
"112043",3,"RS13317017",101148211,"A","C",490,636,1.36e-05,0.1751,0.3229,1.51270337058273e-05
"112032",3,"RS1038294",100986418,"T","C",381,511,1.35e-05,0.1462,0.212,1.51553515542409e-05
"526818",13,"RS8001641",79590812,"A","G",646,500,1.61e-05,0.1615,0.4648,1.79716517140758e-05
"18558",1,"RS6674604",95290127,"A","C",521,391,1.672e-05,0.1402,0.2029,1.88243514793703e-05
"112049",3,"RS766778",101234170,"C","T",605,764,1.73e-05,0.2743,0.403,1.91332942114516e-05
"744950",19,"RS8105895",22007297,"T","C",284,396,1.75e-05,0.1093,0.1305,1.99300551011061e-05
"112041",3,"RS1384062",101080618,"G","T",608,767,1.8e-05,0.2774,0.4034,1.99549158933602e-05
"651455",17,"RS1880646",8870570,"C","T",625,786,1.82e-05,0.4681,0.2701,2.00968824930783e-05
"112045",3,"RS4244713",101162274,"T","G",485,628,1.82e-05,0.1705,0.3225,2.02722606593166e-05
"353181",9,"RS7466987",70417667,"G","C",1,20,3.381e-05,0.003526,0.004278,2.09808349609375e-05
"330620",8,"RS9297775",129805894,"A","C",684,535,1.98e-05,0.1619,0.3919,2.19659479105108e-05
"218681",6,"RS1737062",29840574,"A","G",567,720,2e-05,0.3635,0.443,2.21898612795456e-05
"18359",1,"RS2391467",94623031,"T","C",714,884,2.112e-05,0.4285,0.4431,2.32263845700545e-05
"54347",2,"RS11900952",43367540,"A","G",528,675,2.25e-05,0.2181,0.3328,2.50554365749968e-05
"18258",1,"RS4847196",94327041,"A","G",600,756,2.272e-05,0.4836,0.2275,2.51368726777344e-05
"3751",1,"RS4920338",18863380,"T","C",678,531,2.361e-05,0.1772,0.4485,2.62494899153616e-05
"699759",18,"RS1667254",27440126,"T","C",779,621,2.41e-05,0.32,0.3553,2.66716879480356e-05
"448051",11,"RS1030467",129249462,"G","A",322,438,2.58e-05,0.1282,0.1492,2.92725294398080e-05
"18253",1,"RS4147827",94320668,"C","G",431,316,2.581e-05,0.07689,0.2067,2.93132732434145e-05
"161523",4,"RS12643097",170038527,"G","A",864,698,2.67e-05,0.446,0.3657,2.9337511888882e-05
"4115",1,"RS4655165",20434976,"G","A",742,589,2.744e-05,0.2324,0.4347,3.03764140629021e-05
"126360",3,"RS6445188",176199877,"C","T",353,250,2.74e-05,0.1116,0.08641,3.13833103161193e-05
"86657",2,"RS3815854",220376982,"G","A",660,821,2.87e-05,0.3176,0.4554,3.16269779587826e-05
"234490",6,"RS980899",98926521,"G","A",513,656,2.88e-05,0.222,0.2836,3.21018293322203e-05
"330615",8,"RS7015145",129778467,"A","G",693,546,2.96e-05,0.1627,0.4148,3.29096284202868e-05
"358266",9,"RS10993688",92590575,"G","A",515,658,2.976e-05,0.2396,0.2598,3.31184807475432e-05
"113449",3,"RS13084588",108891794,"G","A",213,135,2.9e-05,0.001024,0.1404,3.41639210771807e-05
"35660",1,"RS932347",208122253,"T","C",592,457,3.07e-05,0.2005,0.2127,3.43346959533037e-05
"112042",3,"RS793440",101125866,"T","C",495,635,3.12e-05,0.1757,0.3282,3.47401755288824e-05
"18559",1,"RS6671842",95297091,"T","G",482,361,3.08e-05,0.1548,0.2026,3.47853481174635e-05
"89633",2,"RS17864686",234256078,"A","G",415,544,3.11e-05,0.164,0.1876,3.48594786749331e-05
"112046",3,"RS4075038",101162776,"T","C",381,505,3.1e-05,0.1408,0.2161,3.49495972139559e-05
"322580",8,"RS7013934",88859742,"T","C",290,198,3.12e-05,0.05049,0.1331,3.61576175675741e-05
"64170",2,"RS2249761",87246054,"G","A",507,648,3.34e-05,0.2499,0.2532,3.72023868907047e-05
"48439",2,"RS4441471",16578889,"A","G",621,776,3.37e-05,0.2785,0.3254,3.72051354112978e-05
"18358",1,"RS12057415",94602357,"T","C",722,888,3.517e-05,0.4534,0.4431,3.86225856934656e-05
"112034",3,"RS793494",100991458,"T","C",488,626,3.56e-05,0.1756,0.3109,3.96413008578926e-05
"391319",10,"RS10822065",64280938,"G","T",527,670,3.58e-05,0.1778,0.4679,3.97597549608295e-05
"530928",13,"RS12427494",99115495,"C","T",584,451,3.56e-05,0.1092,0.4191,3.98611082233762e-05
"366640",9,"RS12341557",128561879,"A","G",1,19,5.699e-05,0.006367,0.001515,4.00543212890625e-05
"531024",13,"RS1334586",99433607,"G","A",841,680,3.66e-05,0.4171,0.3669,4.02331285441636e-05
"112039",3,"RS704582",101054616,"C","T",388,512,3.58e-05,0.1452,0.2161,4.02494956148194e-05
"18250",1,"RS2275035",94317748,"A","G",612,765,3.738e-05,0.4918,0.2493,4.12996841962919e-05
"860099",22,"RS9605903",15434720,"C","T",456,589,3.88e-05,0.2028,0.2143,4.34217096691351e-05
"234491",6,"RS1507774",98930798,"C","T",504,643,4.06e-05,0.2237,0.257,4.51598869120138e-05
"703043",18,"RS2852945",43573552,"G","A",812,655,4.15e-05,0.3304,0.443,4.57037444051221e-05
"128823",3,"RS7637064",188641223,"C","T",580,728,4.27e-05,0.3504,0.2371,4.7297096581326e-05
"129481",3,"RS17447439",191032117,"G","A",171,103,3.99e-05,0.03621,0.04855,4.76270267429076e-05
"659077",17,"RS227731",52128237,"C","A",842,683,4.67e-05,0.3409,0.4591,5.1354210076125e-05
"104954",3,"RS10428174",59789088,"G","A",331,234,4.49e-05,0.0325,0.2005,5.16642912431174e-05
"145355",4,"RS12640320",77750361,"A","C",754,604,4.69e-05,0.3953,0.2652,5.18497369916502e-05
"357907",9,"RS4132699",91226247,"C","A",843,684,4.723e-05,0.4213,0.4293,5.19414612750214e-05
"18301",1,"RS10782976",94353713,"G","A",640,794,4.768e-05,0.3201,0.3397,5.25596884027237e-05
"395104",10,"RS12220777",81778084,"C","T",395,518,4.69e-05,0.2937,0.08802,5.27071042305814e-05
"256818",7,"RS4725033",7820533,"C","T",464,348,4.69e-05,0.2181,0.08986,5.29776635042893e-05
"443972",11,"RS10891527",112657000,"T","C",392,286,4.68e-05,0.08729,0.183,5.34213749327425e-05
"530937",13,"RS12184508",99150799,"C","T",665,525,4.94e-05,0.1652,0.5,5.48985790158514e-05
"346847",9,"RS2382469",14368712,"A","C",672,829,5.07e-05,0.4849,0.3347,5.57828011769227e-05
"1085",1,"RS1695632",5639808,"T","C",497,633,5.215e-05,0.3918,0.3139,5.80719091591233e-05
"214222",6,"RS760788",11878691,"A","G",796,643,5.5e-05,0.3234,0.4177,6.06028890633513e-05
"313527",8,"RS17645417",32470875,"C","T",728,582,5.49e-05,0.2342,0.4707,6.07059175861821e-05
"18277",1,"RS1211213",94344008,"C","T",557,700,5.498e-05,0.2573,0.3301,6.09299449551074e-05
"448052",11,"RS1016364",129250082,"C","T",330,442,5.56e-05,0.1282,0.1504,6.29482426489866e-05
"26287",1,"RS12047510",161108826,"C","T",311,420,5.542e-05,0.1131,0.1556,6.29716889048475e-05
"330624",8,"RS6996786",129817168,"T","G",675,535,5.7e-05,0.1613,0.3912,6.33135876454789e-05
"746355",19,"RS6510337",38237541,"C","T",638,790,5.76e-05,0.3027,0.3405,6.35064881503336e-05
"198861",5,"RS744579",168558819,"C","T",391,512,5.66e-05,0.2561,0.08457,6.3639262121337e-05
"432693",11,"RS2102269",55209499,"A","G",153,232,5.67e-05,0.1543,0.1466,6.65828459590779e-05
"274908",7,"RS10259688",94894875,"C","T",625,491,6.04e-05,0.2894,0.166,6.72847524128983e-05
"201575",5,"RS307805",180010093,"G","A",227,149,5.76e-05,0.02473,0.1125,6.77162651541476e-05
"638666",16,"RS4788213",29942025,"C","T",680,836,6.16e-05,0.4007,0.4589,6.7716674871127e-05
"5675",1,"RS9426379",29721737,"T","C",222,145,5.835e-05,0.008183,0.1368,6.87258785820424e-05
"784995",20,"RS11700244",15643993,"A","C",255,354,6.03e-05,0.1056,0.1089,6.91294000619743e-05
"330687",8,"RS10808576",130133153,"G","T",691,550,6.27e-05,0.256,0.2932,6.94690817128154e-05
"71039",2,"RS1715008",134533486,"G","A",809,656,6.41e-05,0.4549,0.3292,7.05043870785594e-05
"4610",1,"RS2744759",22452385,"G","T",722,882,6.469e-05,0.4924,0.4207,7.09444387844611e-05
"403760",10,"RS11200059",123405580,"T","C",845,689,6.81e-05,0.4754,0.389,7.4747156939934e-05
"195114",5,"RS3734061",150927944,"A","G",16,48,6.33e-05,0.009812,0.009109,7.73307688128702e-05
"644630",16,"RS11649002",76090335,"A","G",139,214,6.56e-05,0.0008183,0.1548,7.7392214338849e-05
"138151",4,"RS10517249",32017986,"C","T",457,585,7.33e-05,0.1605,0.277,8.18553750278798e-05
"198860",5,"RS297838",168554351,"T","C",406,527,7.45e-05,0.2565,0.09404,8.36415786948123e-05
"742530",19,"RS8110645",7410404,"C","T",653,804,7.62e-05,0.3716,0.3478,8.39000925977702e-05
"159269",4,"RS6823909",158547155,"T","C",399,519,7.48e-05,0.1613,0.1896,8.39760608522295e-05
"48438",2,"RS4497881",16570372,"C","A",617,764,7.63e-05,0.2809,0.3113,8.41717326766409e-05
"445610",11,"RS617320",119466904,"A","C",774,626,7.64e-05,0.2987,0.3683,8.4196710538725e-05
"634663",16,"RS1876950",9240226,"C","T",682,836,7.73e-05,0.4217,0.438,8.49204851024037e-05
"330632",8,"RS6983287",129906406,"A","T",580,453,7.77e-05,0.1403,0.3848,8.6773502823785e-05
"278012",7,"RS2434357",111553748,"G","A",675,828,7.93e-05,0.3491,0.4781,8.71485684593205e-05
"70043",2,"RS1375347",128767379,"T","C",645,511,8.11e-05,0.2329,0.2565,9.00985439487174e-05
"165462",4,"RS7663350",187798792,"T","C",553,692,8.17e-05,0.4025,0.1787,9.04721851115064e-05
"3740",1,"RS4920520",18802429,"A","G",646,512,8.224e-05,0.1425,0.4941,9.1375982557498e-05
"148523",4,"RS7694491",95509273,"T","C",803,653,8.46e-05,0.3424,0.4146,9.30411997975136e-05
"634667",16,"RS959228",9248597,"G","A",687,840,9.03e-05,0.4294,0.4365,9.91013488746452e-05
"61042",2,"RS7568834",71659620,"T","C",518,652,8.95e-05,0.1492,0.4445,9.93315164803936e-05
"35654",1,"RS6689839",208093649,"G","A",791,643,9.295e-05,0.2725,0.4298,0.000102299690635683
"634670",16,"RS7190139",9263812,"T","G",834,682,9.47e-05,0.4221,0.4105,0.000103951565701876
"114225",3,"RS4682355",113290409,"G","A",566,442,9.4e-05,0.2377,0.1409,0.000105039077704893
"112022",3,"RS668668",100919114,"C","T",591,733,9.52e-05,0.2445,0.3539,0.000105118539273645
"530908",13,"RS17473024",99036194,"C","T",647,514,9.49e-05,0.1622,0.4123,0.000105363172551475
"93987",3,"RS4547687",6191211,"T","C",639,786,9.86e-05,0.3046,0.4653,0.000108477158672626
"47434",2,"RS10495585",11909579,"C","A",226,317,9.42e-05,0.01962,0.2219,0.000108567050462386
"5676",1,"RS9426282",29724323,"A","G",222,147,9.448e-05,0.008384,0.1369,0.000111314727592572
"131194",4,"RS17802266",1148991,"A","C",344,454,9.86e-05,0.0849,0.2512,0.000111457348294850
"322126",8,"RS1320771",85651948,"T","C",139,81,9.22e-05,0.0004088,0.08789,0.000111781668986141
"742532",19,"RS2287909",7412668,"G","T",841,689,0.0001019,0.4689,0.34,0.000111854521399474
"138149",4,"RS9654325",32012205,"G","T",462,588,0.0001009,0.1605,0.278,0.000112529178712172
"233134",6,"RS2141484",91531266,"C","A",616,760,0.0001036,0.2726,0.4384,0.000114192247616473
"322603",8,"RS1477915",89050656,"C","T",691,843,0.0001041,0.3409,0.4864,0.000114193459647329
"16145",1,"RS12082801",83730628,"T","C",479,366,0.0001014,0.1408,0.1802,0.000114219815247632
"526824",13,"RS4146682",79600066,"G","A",607,479,0.0001027,0.1654,0.3155,0.000114359190930476
"35636",1,"RS590223",208013330,"G","A",822,672,0.0001041,0.3845,0.4062,0.000114378571006873
"278553",7,"RS2402028",115486842,"T","C",617,761,0.0001048,0.3877,0.2575,0.000115512342426061
"48442",2,"RS12997119",16597765,"C","T",346,251,0.000101,0.009403,0.2622,0.000115899051174187
"217042",6,"RS4236026",23351541,"T","G",472,599,0.0001042,0.182,0.2472,0.000116063266547929
"634665",16,"RS2314292",9241149,"A","G",683,834,0.0001058,0.4218,0.4382,0.000116128646934305
"490018",12,"RS4766796",115491759,"C","T",703,565,0.0001064,0.3775,0.1828,0.000117709589590438
"111178",3,"RS6774870",89647581,"T","C",340,449,0.0001042,0.0847,0.2585,0.000117858986067408
"357956",9,"RS1475537",91402570,"T","C",704,566,0.0001078,0.2739,0.2462,0.000119181791711978
"249175",6,"RS4463239",166045285,"C","T",838,687,0.0001103,0.391,0.4517,0.000121043301934320
"218785",6,"RS7452613",29920450,"G","C",2,20,0.0001242,0.002261,0.006256,0.000121116638183594
"11493",1,"RS17305218",61471412,"C","T",52,100,9.888e-05,0,0.06105,0.000122278844547681
"651462",17,"RS8076457",8884654,"T","C",398,296,0.000108,0.03497,0.2794,0.000122902733370435
"530914",13,"RS2763928",99044139,"C","T",603,476,0.0001105,0.1485,0.4715,0.000123075954830935
"246982",6,"RS751873",158410767,"T","C",679,829,0.0001121,0.4378,0.3546,0.000123101962746014
"18332",1,"RS1411701",94407616,"A","G",660,808,0.0001121,0.3992,0.3395,0.000123200915887135
"123017",3,"RS16826679",157854804,"T","C",468,357,0.0001113,0.109,0.2102,0.000125549269729013
"429061",11,"RS662702",31765646,"T","C",310,414,0.000111,0.185,0.06475,0.000126063379974436
"860694",22,"RS5748391",18039099,"A","G",721,875,0.0001158,0.4292,0.4131,0.000126830914384367
"16155",1,"RS12132108",83764336,"G","T",422,317,0.0001122,0.1124,0.1667,0.000127298690111117
"48441",2,"RS15653",16594991,"G","A",617,760,0.0001164,0.2734,0.3268,0.000128224024613497
"865262",22,"RS2075936",35658697,"A","G",673,539,0.0001186,0.2047,0.4718,0.000131350924864407
"432685",11,"RS17582849",55165240,"T","C",50,97,0.000106,0.01065,0.09624,0.000131359948388692
"699760",18,"RS1667255",27441277,"C","A",837,687,0.0001219,0.4041,0.3921,0.000133672590930536
"653867",17,"RS2529985",18484827,"G","A",313,417,0.0001185,0.04882,0.3447,0.000134465441244139
"632151",16,"RS1698232",425556,"C","T",817,669,0.0001234,0.35,0.4217,0.000135485766027025
"3755",1,"RS2236832",18872418,"C","T",807,660,0.0001241,0.3005,0.4865,0.000136288960501915
"112057",3,"RS12629505",101387473,"G","A",699,850,0.0001247,0.3812,0.3937,0.000136726562795651
"54345",2,"RS7561670",43359763,"A","G",428,548,0.0001225,0.2126,0.1745,0.000137004484234523
"104952",3,"RS4679614",59785907,"C","T",299,212,0.0001188,0.0325,0.1674,0.000137366905575684
"787687",20,"RS8121782",30893499,"C","T",240,163,0.0001252,0.08262,0.05394,0.000146810710632335
"384424",10,"RS12413953",26213701,"A","G",433,553,0.0001326,0.344,0.08941,0.000148219080898227
"318118",8,"RS1350059",64011110,"C","T",649,794,0.000135,0.2894,0.4345,0.000148404619391612
"155900",4,"RS1976929",138796601,"C","T",572,450,0.0001355,0.1683,0.2494,0.000151205236167686
"269616",7,"RS1344087",63440175,"C","T",595,734,0.0001374,0.2818,0.2342,0.000151487465389799
"791198",20,"RS6063516",48490655,"A","G",665,533,0.0001369,0.472,0.432,0.000151667706826154
"355684",9,"RS1340123",81242882,"C","T",118,66,0.0001263,0.03088,0.03127,0.000155085453453451
"366206",9,"RS12341407",126360025,"T","C",409,307,0.0001379,0.2467,0.007878,0.000156570952092464
"117979",3,"RS11923992",132673459,"A","G",219,146,0.0001329,0.08013,0.02979,0.00015671841553351
"357963",9,"RS3138512",91412273,"A","G",272,190,0.0001362,0.001635,0.2129,0.000158388005852520
"664492",17,"RS6502043",78634366,"C","T",627,769,0.0001444,0.3322,0.3222,0.00015887376655056
"218909",6,"RS2256902",30048351,"A","G",276,373,0.0001403,0.1167,0.1118,0.000160156853552346
"448036",11,"RS690847",129165280,"C","A",289,388,0.0001419,0.128,0.1236,0.000161551332077032
"513426",13,"RS17475847",19806370,"T","C",231,156,0.0001376,0.02024,0.1344,0.000161668123654621
"111179",3,"RS907548",89657542,"A","G",343,450,0.0001449,0.08712,0.2579,0.000163631703683337
"7493",1,"RS2451672",39640095,"C","A",90,149,0.0001354,0.07216,0.004187,0.00016378064566408
"519936",13,"RS2573277",45387745,"A","G",659,804,0.0001501,0.3532,0.4048,0.000164810523455720
"429063",11,"RS644242",31769377,"T","G",290,389,0.0001451,0.1832,0.04956,0.000165215777004622
"108902",3,"RS9310281",73964504,"T","C",259,353,0.0001449,0.01207,0.2661,0.000165829980839945
"350364",9,"RS10511793",26914621,"C","T",312,224,0.0001441,0.04254,0.1563,0.000166171330341109
"560718",14,"RS730651",57103778,"A","C",284,382,0.0001462,0.1024,0.2979,0.000166618871695325
"354694",9,"RS7874982",77504674,"C","A",317,420,0.0001482,0.1674,0.1042,0.000168001740287754
"59687",2,"RS4671143",65859075,"G","A",157,232,0.0001432,0.06746,0.05791,0.00016815647895606
"638667",16,"RS8054507",29953543,"A","G",692,840,0.0001561,0.4008,0.4581,0.000171030196980719
"86966",2,"RS12477147",221775394,"G","T",608,483,0.0001541,0.2185,0.2102,0.000171343847604835
"2061",1,"RS17035154",10507902,"G","A",77,132,0.0001421,0.04748,0.01479,0.000173321955940277
"480670",12,"RS1373453",68341177,"C","T",390,503,0.0001559,0.2454,0.1027,0.000175061408456431
"421674",11,"RS660319",1666232,"C","T",13,41,0.0001388,0.009767,0.006027,0.000175126734405896
"54349",2,"RS7590268",43393629,"G","T",377,280,0.0001541,0.03823,0.239,0.000175742229005750
"330673",8,"RS10110974",130078969,"C","A",737,599,0.0001597,0.3233,0.2879,0.000175979344861814
"787688",20,"RS6579038",30894431,"G","A",239,163,0.0001503,0.08258,0.05394,0.000176226746534253
"378187",10,"RS12415117",4516742,"A","G",469,592,0.0001593,0.4043,0.09212,0.000177339545350768
"40945",1,"RS4920176",232519669,"G","A",211,140,0.0001508,0.1096,0.002216,0.000178258703684309
"169255",5,"RS32274",11243998,"C","A",856,707,0.000164,0.4992,0.4174,0.000179573711541904
"14185",1,"RS1963248",74118594,"G","T",314,416,0.0001599,0.074,0.3432,0.000181292118283251
"166773",5,"RS2962602",2749218,"A","G",548,680,0.0001653,0.1907,0.4515,0.000182861485058634
"703719",18,"RS9947393",46131639,"C","T",282,379,0.0001614,0.1802,0.05271,0.000183942179653778
"480672",12,"RS1609485",68343101,"C","T",514,642,0.0001667,0.2466,0.2507,0.000184902920663797
"488124",12,"RS6539264",105215707,"G","A",632,773,0.0001688,0.3021,0.3774,0.000185583747265457
"93985",3,"RS7649938",6190542,"C","T",642,784,0.0001697,0.305,0.4664,0.000186447255556879
"699764",18,"RS1621308",27453177,"C","T",827,681,0.0001701,0.4049,0.3744,0.000186510885751107
"18343",1,"RS3789688",94463828,"A","G",702,850,0.0001721,0.4791,0.4265,0.000188466384912974
"742592",19,"RS7246264",7668978,"T","C",402,516,0.0001682,0.1429,0.238,0.000188499617383174
"350362",9,"RS7871286",26907718,"T","C",310,223,0.0001643,0.04238,0.1561,0.000189480376647457
"555722",14,"RS17101301",33004666,"G","T",426,543,0.0001709,0.3313,0.07182,0.000191018149720007
"330330",8,"RS10097522",128642092,"A","C",253,345,0.0001685,0.07,0.1648,0.000193016517396038
"116170",3,"RS11721321",123356123,"T","C",636,777,0.0001761,0.3468,0.4205,0.000193586042767834
"515249",13,"RS555722",25979152,"C","T",580,715,0.0001758,0.4358,0.1764,0.00019396169102694
"70539",2,"RS2677646",132771598,"C","T",427,544,0.0001735,0.2234,0.1539,0.000193967528698519
"527680",13,"RS12585411",84424857,"T","C",637,778,0.000178,0.4057,0.2724,0.000195625696647454
"11494",1,"RS17377218",61472847,"G","T",54,101,0.0001599,0,0.06259,0.000198612423018789
"112024",3,"RS792829",100945337,"G","A",592,728,0.0001816,0.2511,0.3555,0.000200196571219248
"470294",12,"RS10840724",17525192,"T","G",225,312,0.0001738,0.08756,0.1005,0.000200330975045137
"114235",3,"RS1032398",113341164,"C","T",437,333,0.0001783,0.1751,0.0952,0.000201579456124818
"352417",9,"RS11791889",35850942,"A","G",679,824,0.0001839,0.3757,0.3907,0.000201605976613173
"526813",13,"RS1575900",79574705,"T","G",719,584,0.0001841,0.2925,0.3204,0.000202997785450481
"145356",4,"RS3733247",77755622,"T","C",804,661,0.0001869,0.4622,0.4009,0.000205087988224302
"154088",4,"RS13140903",126781375,"G","A",837,691,0.0001877,0.3825,0.4423,0.000205617870054932
"93993",3,"RS2860045",6196922,"G","A",455,575,0.0001847,0.2172,0.4392,0.000205834620781770
"319272",8,"RS2933073",70762656,"C","T",523,651,0.0001872,0.4289,0.3657,0.000207329603358205
"93992",3,"RS1355793",6196030,"A","C",644,785,0.0001915,0.3016,0.461,0.000210348870046282
"121907",3,"RS2037409",152065682,"C","T",525,653,0.0001919,0.4675,0.1217,0.0002125728341895
"162551",4,"RS1552703",176349749,"T","C",474,596,0.0001917,0.3498,0.1103,0.000213276063762987
"143917",4,"RS17590869",68733298,"A","G",216,301,0.0001853,0.07339,0.1192,0.000213974228971856
"112035",3,"RS1287283",100998440,"A","G",500,625,0.0001939,0.1733,0.3224,0.000215217492486033
"330635",8,"RS4733653",129913853,"C","T",500,625,0.0001939,0.1441,0.3721,0.000215217492486033
"314472",8,"RS7830439",39797880,"T","C",210,140,0.0001828,0.02638,0.1012,0.000216084068921091
"485295",12,"RS7306940",93832224,"G","A",618,756,0.0001969,0.281,0.3488,0.000216614735810255
"3699",1,"RS3007720",18685613,"C","T",686,555,0.0002003,0.2604,0.2991,0.000221272582433012
"700662",18,"RS903736",32355674,"C","A",628,503,0.0002017,0.2407,0.2579,0.000223740634531223
"599914",15,"RS869498",81376406,"A","G",658,530,0.0002043,0.4083,0.1191,0.000226105591150734
"384874",10,"RS11006798",28338233,"C","T",815,672,0.0002086,0.389,0.3341,0.000228687687688167
"788787",20,"RS6072087",38709306,"C","T",326,428,0.0002035,0.07201,0.25,0.000230207168320206
"18233",1,"RS581244",94306578,"T","A",602,480,0.0002082,0.2171,0.2087,0.000231343628957894
"148519",4,"RS2059605",95474235,"C","T",753,616,0.0002133,0.3052,0.3836,0.000234623630045767
"245130",6,"RS803470",151312188,"A","G",214,298,0.0002054,0.04029,0.1374,0.000237269059650920
"48345",2,"RS10194143",16094345,"C","T",342,446,0.0002115,0.1334,0.1483,0.000238699361326976
"229785",6,"RS1869558",74178876,"T","C",281,376,0.0002103,0.1267,0.2969,0.000239603971657833
"352420",9,"RS7044405",35860001,"T","C",667,809,0.0002189,0.3584,0.3892,0.000240023990589009
"169750",5,"RS1445807",13924547,"G","A",683,553,0.0002175,0.2569,0.4682,0.000240309231929921
"244545",6,"RS13215358",149281390,"G","A",209,292,0.0002088,0.05634,0.1412,0.000241477841342398
"426028",11,"RS11024542",18167919,"T","G",308,407,0.0002136,0.03046,0.307,0.000242229087113666
"399916",10,"RS17813699",105671857,"A","G",146,89,0.0002006,0.0004092,0.09557,0.000243153748544768
"162545",4,"RS11133082",176321759,"T","G",537,665,0.0002225,0.3284,0.1817,0.000246095395020654
"393341",10,"RS17542297",72444914,"A","G",163,237,0.0002156,0.06728,0.07365,0.000252723184210581
"480899",12,"RS11178236",69108465,"C","T",168,243,0.000216,0.02964,0.1224,0.000252826587694487
"138164",4,"RS10015890",32073884,"T","G",470,590,0.000228,0.1635,0.269,0.000253573439188681
"68816",2,"RS3768904",121708678,"T","C",861,715,0.0002354,0.3807,0.4887,0.000257294371202151
"1938",1,"RS12565445",9432737,"T","C",742,607,0.0002373,0.2832,0.3425,0.000261064674883229
"527540",13,"RS1928920",83667558,"T","G",608,743,0.0002398,0.347,0.2885,0.000263835646981535
"54385",2,"RS1873555",43633169,"C","T",552,681,0.000239,0.2377,0.3083,0.000263982836440206
"563793",14,"RS8007684",71884317,"T","G",469,363,0.000238,0.1827,0.1309,0.000267690676622292
"659254",17,"RS9914697",52803497,"T","C",703,572,0.0002438,0.2519,0.3235,0.000268793333118881
"364747",9,"RS7025237",119265536,"G","T",639,777,0.0002451,0.3093,0.4243,0.00026909308186354
"480669",12,"RS710739",68337863,"A","G",527,653,0.0002445,0.2576,0.2498,0.000270476222839535
"322592",8,"RS10955427",88938044,"C","T",630,767,0.0002469,0.326,0.3229,0.000271244468194407
"447425",11,"RS12288215",126562572,"T","G",191,270,0.0002338,0.07832,0.08058,0.000271669968497744
"648261",16,"RS17239938",84636599,"T","C",268,360,0.0002414,0.05478,0.2122,0.000275604823680708
"354848",9,"RS928355",77963259,"G","A",460,578,0.0002497,0.4205,0.4337,0.000277895268868998
"196282",5,"RS2288068",156646715,"T","C",128,194,0.000235,0.03087,0.1012,0.000279232576870708
"320780",8,"RS7846606",77670168,"G","A",521,646,0.0002531,0.2649,0.2004,0.000280146563108097
"366208",9,"RS7037310",126378897,"T","G",407,309,0.0002498,0.2517,0.006897,0.000283183282339571
"16930",1,"RS719015",87384298,"T","C",648,523,0.0002593,0.1596,0.4057,0.000286993408389568
"129476",3,"RS13075375",191017277,"A","G",817,676,0.0002631,0.4113,0.3892,0.000288169633941955
"48221",2,"RS807624",15699922,"C","A",560,689,0.0002621,0.1958,0.3552,0.000289213027521279
"166766",5,"RS924218",2739712,"A","G",489,610,0.0002623,0.1755,0.3013,0.000291072814600901
"148517",4,"RS10033662",95458485,"A","G",742,608,0.0002653,0.305,0.3814,0.000291752156927168
"1934",1,"RS9661728",9428862,"T","C",775,638,0.0002678,0.2957,0.4133,0.000293940849984753
"595612",15,"RS9302215",58847659,"C","T",797,658,0.0002684,0.3584,0.3691,0.000294218105266634
"488126",12,"RS1532586",105224714,"A","G",600,733,0.0002697,0.3023,0.2973,0.000296706266804836
"367663",9,"RS3012719",133631248,"T","C",574,457,0.0002686,0.1074,0.4251,0.000298949949837348
"265878",7,"RS4723924",39997013,"C","T",711,855,0.0002738,0.4943,0.4298,0.000299275443034905
"597220",15,"RS3784350",66429101,"A","G",670,810,0.0002736,0.3404,0.3756,0.00029966062933046
"218838",6,"RS3115619",29950858,"T","C",693,564,0.0002742,0.4552,0.4003,0.000302460901194347
"530929",13,"RS4772229",99117590,"C","T",643,519,0.0002752,0.148,0.4968,0.000304527301359446
"402596",10,"RS10886031",118794983,"C","T",725,593,0.000277,0.4138,0.2085,0.000304850224336482
"352416",9,"RS10814287",35850483,"C","T",683,824,0.0002811,0.3774,0.3941,0.000307639045480047
"359509",9,"RS16924016",99551152,"T","C",293,388,0.0002722,0.1686,0.06278,0.00030927740252838
"305141",8,"RS1362689",5117620,"G","A",53,98,0.0002502,0.0002045,0.05942,0.000312424679966465
"57098",2,"RS6742532",53135588,"C","T",237,164,0.0002669,0.01206,0.151,0.000312723435393535
"448041",11,"RS10894147",129204066,"T","C",287,381,0.0002759,0.1237,0.1266,0.000313744617318531
"391323",10,"RS10822076",64305214,"T","C",558,686,0.0002844,0.1965,0.4988,0.000313777486166672
"263631",7,"RS1981701",31055585,"G","A",675,815,0.0002869,0.3188,0.4906,0.000314074778951258
"526817",13,"RS1215465",79589353,"A","G",696,838,0.0002883,0.4405,0.358,0.000315318451175424
"162549",4,"RS162471",176341467,"T","C",470,588,0.0002859,0.3455,0.1071,0.000317704984819006
"93994",3,"RS1394157",6197426,"A","G",646,783,0.0002899,0.3022,0.4677,0.000317977277554094
"330690",8,"RS11784932",130164660,"A","C",617,496,0.0002868,0.2183,0.261,0.000318006172436575
"35631",1,"RS909710",207997317,"A","G",637,514,0.0002884,0.224,0.2448,0.000319271784346195
"819064",21,"RS9976944",28434457,"C","T",688,560,0.0002909,0.2122,0.3917,0.0003208553380857
"80727",2,"RS1366842",185510488,"G","T",638,515,0.0002919,0.1586,0.4073,0.000323141100377235
"74866",2,"RS10211143",155067498,"A","G",463,580,0.0002914,0.1624,0.2592,0.000324066266437588
"480678",12,"RS17106937",68352547,"G","A",398,507,0.0002909,0.248,0.1087,0.000325650155768093
"446784",11,"RS11219844",124313463,"A","G",571,455,0.0002929,0.3951,0.06475,0.000325979486967846
"477610",12,"RS727266",51642678,"T","C",414,525,0.0002919,0.2257,0.1425,0.000326240900715243
"402582",10,"RS2257791",118633660,"G","A",753,619,0.0002973,0.315,0.259,0.000326560128945462
"21112",1,"RS6677101",108501253,"T","G",842,700,0.000299,0.4308,0.4628,0.000326896810732811
"121900",3,"RS12495611",152014291,"T","G",525,649,0.0002958,0.4624,0.1296,0.000327083898806205
"165461",4,"RS328418",187794887,"A","G",775,639,0.0002984,0.3158,0.4389,0.000327338917742374
"53656",2,"RS10490209",40330370,"G","T",690,562,0.0002975,0.4412,0.1638,0.000328047193526391
"819514",21,"RS2832790",30612642,"T","C",711,581,0.0002984,0.2163,0.4933,0.000328608734076181
"218860",6,"RS1611493",29994143,"T","G",276,368,0.0002886,0.1992,0.1796,0.000328849764589495
"111173",3,"RS12634269",89615458,"C","A",331,431,0.0002916,0.08139,0.2546,0.00032931989739996
"519934",13,"RS2573283",45384222,"A","G",670,809,0.0003011,0.3686,0.4034,0.000329714621488718
"741795",19,"RS1879039",3682847,"T","C",368,473,0.0002938,0.1282,0.2132,0.000330113846720962
"696230",18,"RS1249488",8705107,"C","A",660,798,0.0003014,0.3735,0.3535,0.000330228181277431
"148715",4,"RS4254782",96400057,"A","G",832,691,0.0003027,0.4008,0.46,0.000331029883961175
"196298",5,"RS962459",156706363,"T","C",132,198,0.0002799,0.03066,0.1063,0.000332014034609945
"381146",10,"RS7090752",13693396,"A","G",492,612,0.0003043,0.1787,0.38,0.000337478959684451
"217064",6,"RS2147855",23428024,"T","C",501,622,0.0003053,0.1418,0.3816,0.000338310176853254
"279362",7,"RS2189935",121070778,"C","A",271,362,0.0002981,0.1904,0.09089,0.000339963656959680
"162548",4,"RS331488",176331861,"A","G",468,585,0.0003115,0.3445,0.1106,0.000346125618515375
"69053",2,"RS2138983",123197294,"C","T",43,84,0.0002746,0.006974,0.07068,0.000346958716240283
"527698",13,"RS9531693",84462580,"A","G",596,727,0.0003163,0.4045,0.2306,0.000347915274958560
"247261",6,"RS2341555",159725559,"T","G",558,685,0.0003155,0.2835,0.2478,0.000347998941911931
"39442",1,"RS551755",227221788,"C","T",549,675,0.0003164,0.1993,0.3554,0.000349211959987036
"234547",6,"RS9375642",99342630,"C","T",686,559,0.0003191,0.3209,0.2332,0.000351855742827764
"788791",20,"RS910137",38719885,"A","G",286,379,0.0003105,0.07304,0.1856,0.000353067765159487
"475703",12,"RS1554255",41363753,"G","A",618,751,0.0003249,0.3635,0.2756,0.000356813759867595
"258853",7,"RS2079460",14195474,"G","T",343,444,0.0003179,0.1214,0.1888,0.000358265109810044
"556899",14,"RS12886370",38372768,"T","C",223,153,0.0003062,0.005938,0.1585,0.000360109250474306
"404430",10,"RS4980162",125523823,"T","C",446,560,0.0003254,0.214,0.4323,0.000362238943733708
"121901",3,"RS12638863",152015692,"A","G",534,658,0.0003287,0.4685,0.1289,0.000363131832384935
"260242",7,"RS2301949",18905483,"G","A",620,753,0.0003315,0.375,0.2474,0.000363990606770715
"556611",14,"RS11620941",36644842,"T","C",591,721,0.0003319,0.4029,0.4683,0.000365150058151981
"222938",6,"RS1766694",37220221,"G","A",481,599,0.0003299,0.1727,0.2721,0.000366057873003633
"168813",5,"RS194060",9770016,"C","A",798,661,0.0003349,0.4474,0.2761,0.000366802227824931
"240476",6,"RS2051630",130063311,"T","C",621,754,0.0003348,0.4636,0.2504,0.000367617403972215
"794598",20,"RS6010862",60785687,"T","C",499,619,0.0003321,0.3297,0.1774,0.000367911802967166
"138162",4,"RS6850712",32070532,"A","C",473,590,0.0003325,0.1637,0.27,0.000369239304536873
"426027",11,"RS7937250",18167391,"A","C",309,405,0.0003273,0.03046,0.307,0.000370647696479375
"54369",2,"RS13429458",43492342,"C","A",353,455,0.0003328,0.1819,0.1103,0.000374469820430653
"448040",11,"RS11608143",129198876,"T","C",289,382,0.0003304,0.1237,0.127,0.000375430706250479
"68818",2,"RS3768905",121710525,"T","C",858,716,0.0003446,0.3817,0.4894,0.000376273004811949
"138156",4,"RS2061002",32038370,"A","G",466,582,0.0003393,0.1626,0.2708,0.000377033893733422
"18325",1,"RS1931565",94369455,"T","C",714,585,0.0003447,0.272,0.3538,0.000379271363120191
"819306",21,"RS914136",29770239,"T","C",244,330,0.0003312,0.1648,0.02856,0.000379639675379747
"330689",8,"RS11996876",130156354,"C","T",439,339,0.0003369,0.1276,0.17,0.000379769955707520
"113455",3,"RS13095440",108936247,"T","C",174,113,0.0003173,0.001022,0.1153,0.00037978058989833
"182648",5,"RS6877270",85204155,"T","G",696,836,0.0003478,0.4734,0.4301,0.000380092329200008
"341778",9,"RS13287938",264433,"T","C",130,78,0.0003115,0.00409,0.08674,0.000381043602748336
"195051",5,"RS6579862",150741910,"G","T",548,673,0.0003472,0.3643,0.3433,0.000383080083755600
"61043",2,"RS4852808",71665963,"C","T",539,663,0.0003481,0.1638,0.4122,0.000384340146719078
"54386",2,"RS6725776",43636645,"G","A",558,684,0.0003499,0.2361,0.3172,0.000385716877849986
"263630",7,"RS4439020",31051722,"C","T",521,643,0.000349,0.2187,0.2724,0.000385928185243153
"322589",8,"RS16874026",88925023,"T","C",355,457,0.0003443,0.2265,0.1103,0.000387233854698909
"125079",3,"RS10513653",170229260,"A","G",378,483,0.0003457,0.1063,0.2695,0.000387729620699955
"218867",6,"RS7772638",30007735,"G","A",181,256,0.0003336,0.09929,0.0366,0.000388514364708332
"74443",2,"RS10185455",153197209,"G","A",418,528,0.0003483,0.1451,0.239,0.000388873873689923
"491092",12,"RS11615578",120199318,"T","C",289,209,0.0003372,0.003679,0.2432,0.000389690982501614
"742526",19,"RS6603155",7386906,"A","G",627,760,0.0003554,0.2556,0.4054,0.000389921391861055
"12256",1,"RS11808959",64788987,"A","G",361,271,0.0003436,0.1129,0.1126,0.000391642445414113
"659074",17,"RS12951993",52115613,"A","G",828,689,0.0003586,0.3391,0.4172,0.000392048921579039
"123021",3,"RS6790457",157856780,"A","G",566,452,0.0003529,0.1607,0.2553,0.000392609146582531
"519933",13,"RS2806904",45383927,"A","G",628,761,0.0003589,0.3687,0.4017,0.000393730138307027
"162546",4,"RS162449",176327354,"G","A",470,586,0.0003575,0.3441,0.1074,0.000396936370305118
"198859",5,"RS12515660",168553502,"A","G",146,214,0.0003385,0.06342,0.05465,0.000399060965016528
"260761",7,"RS4142216",20707692,"C","T",515,636,0.0003617,0.1631,0.4385,0.00040008340112562
"357954",9,"RS2031970",91393992,"T","C",577,462,0.0003601,0.1758,0.2478,0.000400173565026554
"57101",2,"RS6756589",53139373,"A","G",232,161,0.0003417,0.01207,0.1458,0.000400553280703093
"142196",4,"RS1524698",57851692,"G","T",2,18,0.0003466,0.001857,0.005274,0.000402450561523438
"213994",6,"RS17764682",11166801,"C","A",700,573,0.0003716,0.4331,0.1933,0.000409107440882452
"444532",11,"RS7950069",114645763,"A","G",679,554,0.0003711,0.3339,0.162,0.000409177680436415
"781577",20,"RS6116065",3777667,"G","A",622,754,0.000373,0.3225,0.337,0.000409344522096371
"53270",2,"RS13424546",38576553,"A","G",508,628,0.0003704,0.2222,0.251,0.000409852894580965
"330669",8,"RS2004375",130071912,"T","C",319,235,0.0003586,0.02618,0.1926,0.000411732596649901
"527693",13,"RS9547005",84449907,"G","A",603,733,0.0003756,0.4021,0.2286,0.000412720557922436
"426023",11,"RS11024532",18151924,"T","C",308,403,0.000367,0.03047,0.3021,0.000415517249161157
"229162",6,"RS2262681",71271719,"G","A",650,528,0.0003786,0.3427,0.1637,0.000418243841377126
"377650",10,"RS2065681",2867343,"T","C",571,457,0.0003772,0.09672,0.4446,0.000419265443101084
"279585",7,"RS10231000",122544322,"C","G",449,562,0.0003796,0.3167,0.2488,0.000422273643919643
"112050",3,"RS6788750",101257410,"G","T",860,719,0.0003876,0.4924,0.4083,0.000422962751234889
"112023",3,"RS694429",100942359,"G","A",484,601,0.0003823,0.2184,0.2123,0.000423927780882324
"145348",4,"RS12503111",77722144,"G","T",698,837,0.0003884,0.353,0.498,0.000424321584078197
"570182",14,"RS4343209",98286712,"G","A",814,677,0.0003882,0.3818,0.411,0.000424540850217726
"552665",14,"RS1888560",20234085,"T","C",725,596,0.0003863,0.2471,0.3341,0.000424615769435687
"72402",2,"RS1474406",141516543,"G","A",672,548,0.0003851,0.2704,0.2442,0.000424711961883779
"151378",4,"RS1947187",111764946,"A","G",458,572,0.0003822,0.2528,0.1451,0.000424746586394368
"246721",6,"RS2817458",156990541,"G","T",498,392,0.0003807,0.1319,0.2208,0.000426080467815685
"485293",12,"RS7965624",93825784,"G","A",627,759,0.0003917,0.281,0.3565,0.000429637336536364
"352401",9,"RS10758322",35766190,"T","C",700,839,0.0003953,0.4466,0.3973,0.00043174090419743
"644712",16,"RS2880777",76240765,"A","G",237,321,0.0003765,0.01676,0.2394,0.000432081298024983
"86656",2,"RS719325",220376177,"A","G",679,816,0.0003953,0.3177,0.4697,0.000432184473666927
"148520",4,"RS11727030",95481688,"G","A",782,648,0.0003948,0.3472,0.3917,0.000432477139411958
"657989",17,"RS4239171",47013921,"A","G",451,564,0.0003898,0.311,0.09921,0.00043354286945624
"153161",4,"RS1496276",121842966,"G","A",740,610,0.0004029,0.2763,0.3688,0.000442413989347526
"638824",16,"RS12927233",32045466,"C","T",341,440,0.0003964,0.04095,0.3323,0.000446480132917295
"330626",8,"RS4545057",129858316,"C","A",656,534,0.0004053,0.1543,0.3653,0.000447430394335791
"113422",3,"RS669706",108756946,"G","A",183,121,0.0003766,0.000818,0.1182,0.000448901450573094
"113424",3,"RS576698",108766083,"A","G",183,121,0.0003766,0.0008177,0.1183,0.000448901450573094
"389673",10,"RS10763147",56249382,"T","C",455,568,0.0004109,0.142,0.3132,0.000456716014019077
"318082",8,"RS1480116",63919678,"T","C",464,578,0.0004131,0.2653,0.1273,0.000458702364022148
"323433",8,"RS16915724",94263226,"A","G",648,527,0.0004157,0.3456,0.2349,0.000459074949971638
"85300",2,"RS12612034",213619366,"A","C",655,789,0.0004214,0.3418,0.4829,0.000461295800748196
"819517",21,"RS2832815",30636570,"C","T",712,585,0.0004212,0.2179,0.4938,0.000463192698762389
"168087",5,"RS9791081",7211473,"G","A",767,635,0.000423,0.3034,0.3776,0.000463569784184335
"130586",3,"RS823028",196174518,"C","T",723,595,0.0004223,0.3809,0.2196,0.000464029243224089
"480665",12,"RS1867445",68327389,"A","G",398,504,0.0004165,0.251,0.1012,0.000465676731168647
"256810",7,"RS7801961",7813445,"G","A",560,448,0.0004192,0.2172,0.1841,0.000466254897345353
"85295",2,"RS1871946",213587652,"A","G",646,779,0.0004263,0.306,0.4188,0.000466886788910784
"112044",3,"RS4244712",101162151,"A","G",860,720,0.0004282,0.4961,0.402,0.00046700442258691
"391328",10,"RS9633562",64317510,"A","C",802,667,0.0004279,0.3939,0.3478,0.000468034808466145
"425579",11,"RS1356647",16175917,"C","A",757,626,0.0004274,0.2653,0.4744,0.000468663460368657
"526816",13,"RS9318679",79588136,"A","C",577,703,0.0004286,0.279,0.284,0.000471556133167497
"145363",4,"RS7656480",77793218,"G","A",769,637,0.000431,0.3801,0.2974,0.000472339211870923
"527554",13,"RS9546651",83799725,"T","C",627,758,0.0004315,0.391,0.2601,0.00047313575213313
"313074",8,"RS12679675",30092938,"G","A",166,237,0.0004051,0.07467,0.05797,0.000473914690702806
"165417",4,"RS12506228",187619288,"A","C",672,549,0.0004315,0.2262,0.2917,0.000475671200685484
"213984",6,"RS3798709",11109262,"G","A",704,578,0.0004331,0.4327,0.1962,0.000476416228076009
"248501",6,"RS17084",163666637,"T","C",662,540,0.0004333,0.298,0.2034,0.000478025321944134
"603283",15,"RS34176157",94786556,"A","G",513,632,0.0004368,0.3462,0.1677,0.000482907078727518
"426026",11,"RS7936382",18167390,"A","G",295,387,0.0004269,0.03046,0.3056,0.000484206119725731
"480906",12,"RS412528",69120135,"G","A",194,270,0.0004184,0.03865,0.1356,0.000485177611246094
"192912",5,"RS4244027",141623150,"T","C",693,830,0.0004472,0.483,0.3691,0.00048843446023378
"530953",13,"RS2806307",99233168,"C","T",655,534,0.0004496,0.1548,0.4291,0.000496182645547416
"379513",10,"RS418704",8106184,"C","T",752,622,0.000453,0.2761,0.3613,0.000496774214689603
"35671",1,"RS4844936",208243492,"C","T",243,327,0.0004342,0.1804,0.009852,0.00049737652043023
"588249",15,"RS12903744",23770514,"C","T",880,739,0.0004579,0.4644,0.4608,0.000498806661944013
"478306",12,"RS7978954",56766974,"A","G",195,271,0.0004305,0.1157,0.04062,0.000499077567383238
"360788",9,"RS10990644",105044137,"A","G",516,635,0.0004522,0.2728,0.185,0.000499688417156075
"379193",10,"RS4747368",7040834,"A","G",535,656,0.0004547,0.1856,0.3558,0.000501650187739374
"708506",18,"RS17082950",66470128,"T","C",397,304,0.0004438,0.2231,0.03744,0.000502547172474609
"325434",8,"RS2515206",104157738,"C","T",564,688,0.0004576,0.2677,0.2424,0.000503741409828097
"148521",4,"RS6532481",95496334,"G","T",776,644,0.0004602,0.3463,0.3791,0.0005039509932698
"57103",2,"RS10445935",53141570,"G","A",239,168,0.0004326,0.01268,0.1504,0.00050573855954843
"35629",1,"RS3765240",207984774,"A","G",657,536,0.0004597,0.2481,0.245,0.000507159815339682
"526812",13,"RS9601318",79571192,"T","C",616,499,0.0004585,0.157,0.3502,0.000507415641048443
"166441",5,"RS10056116",1729638,"A","G",744,615,0.0004665,0.3438,0.2663,0.000511757614554062
"638677",16,"RS2005219",30048759,"C","A",801,667,0.0004699,0.4206,0.3672,0.000513802444472782
"379377",10,"RS4747540",7684255,"C","A",221,153,0.0004378,0.1102,0.0007389,0.000514521181755946
"519932",13,"RS2573286",45382941,"A","G",596,723,0.0004707,0.3175,0.2931,0.000517025065635539
"246015",6,"RS12174208",154320077,"T","G",448,559,0.0004689,0.2951,0.156,0.000521296445052618
"214223",6,"RS760787",11878763,"T","C",520,639,0.0004732,0.1873,0.3898,0.000522693722748383
"396466",10,"RS10887548",87762913,"G","A",701,838,0.000479,0.3871,0.4559,0.000522787023744411
"379276",10,"RS2025465",7313507,"A","G",467,366,0.0004662,0.0683,0.2868,0.000523121350692602
"39863",1,"RS12059171",228952022,"G","T",107,165,0.0004368,0.03352,0.06034,0.000524525812114936
"145305",4,"RS17001970",77589062,"T","C",107,165,0.0004368,0.03742,0.05619,0.000524525812114936
"532185",13,"RS9519144",103168782,"T","C",107,165,0.0004368,0.02333,0.09421,0.000524525812114936
"67343",2,"RS13388160",113778861,"G","A",659,792,0.0004802,0.3074,0.3855,0.000525338443790393
"638661",16,"RS4609871",29839565,"A","G",724,863,0.0004845,0.407,0.4806,0.000528051191287
"555565",14,"RS1041128",32670944,"G","T",314,408,0.0004682,0.1066,0.1581,0.000529219095258705
"92019",3,"RS6793028",1038826,"T","C",589,715,0.0004844,0.2365,0.4074,0.000532221651177883
"138168",4,"RS3890837",32084341,"G","A",550,672,0.000483,0.2313,0.2781,0.000532235955755377
"115334",3,"RS1698042",118667838,"G","T",494,610,0.0004809,0.4812,0.07389,0.000532260211528703
"341782",9,"RS3209441",276491,"A","G",222,154,0.0004535,0.002862,0.1647,0.000532730932845197
"448458",11,"RS2034387",130836229,"T","C",641,522,0.000484,0.1697,0.3756,0.000534469575578503
"78465",2,"RS6433410",173998239,"C","T",600,727,0.0004897,0.4016,0.2472,0.000537641426516759
"125475",3,"RS6444967",172357092,"G","T",192,267,0.000464,0.003271,0.2014,0.000538286218449786
"189802",5,"RS6881045",124208320,"G","A",495,611,0.0004866,0.1668,0.3529,0.000538515664090903
"468479",12,"RS11612660",9855570,"C","T",652,784,0.0004952,0.3657,0.3137,0.000541860519826035
"65169",2,"RS11687533",101545158,"T","C",235,165,0.0004653,0.001226,0.1613,0.000544360768748334
"425570",11,"RS10766295",16061966,"C","T",762,632,0.0004979,0.2596,0.4399,0.000545520311743483
"28309",1,"RS6678578",168815179,"A","C",718,592,0.0004991,0.3069,0.2707,0.000548200148575581
"597742",15,"RS11629720",68659664,"G","A",654,534,0.0004985,0.2901,0.2015,0.000549896227622461
"358312",9,"RS7864625",92673769,"G","A",211,145,0.0004688,0.06214,0.05293,0.000552616414375091
"654186",17,"RS1975974",21631187,"G","A",378,480,0.0004973,0.1403,0.1679,0.000556967287199313
"564349",14,"RS12879500",74870837,"A","C",731,604,0.0005092,0.2267,0.4546,0.00055882475465653
"117630",3,"RS13081864",129972963,"T","C",720,594,0.0005091,0.4397,0.1866,0.00055903639349809
"533644",13,"RS9301330",108352233,"A","C",445,347,0.0004972,0.02781,0.3764,0.000559109652207109
"83582",2,"RS13421467",205507486,"C","T",88,141,0.0004612,0.02596,0.04677,0.000560528163192314
"643044",16,"RS1886700",67243406,"A","G",428,536,0.0005043,0.2359,0.1518,0.000561641098788639
"389675",10,"RS7081418",56259236,"G","A",454,565,0.0005066,0.1433,0.3068,0.000562665560534905
"156806",4,"RS17380914",143160962,"A","G",92,146,0.0004647,0.000409,0.08835,0.000563268908101618
"222559",6,"RS760782",35556167,"A","G",667,800,0.0005157,0.4045,0.3212,0.000563747780223893
"48427",2,"RS1346752",16540327,"T","C",499,395,0.0005046,0.09115,0.2978,0.000564040437643364
"35630",1,"RS627670",207995922,"G","A",657,537,0.0005151,0.2501,0.2473,0.000567952793201137
"113425",3,"RS583305",108776661,"A","G",183,122,0.0004779,0.000818,0.1187,0.0005692147333337
"213981",6,"RS4713102",11076657,"G","A",700,576,0.0005179,0.4117,0.1946,0.00056939574835408
"479877",12,"RS7975014",65288329,"C","T",404,311,0.0005052,0.1007,0.1746,0.000571108139019475
"640994",16,"RS1566439",55582163,"G","A",690,825,0.0005236,0.4067,0.3887,0.0005715765785998
"145349",4,"RS13148163",77723424,"T","C",837,701,0.0005246,0.4499,0.3713,0.000572362493647185
"266289",7,"RS6974655",42141121,"T","G",658,538,0.0005207,0.2439,0.2808,0.000574062172216671
"142326",4,"RS12646221",58366940,"A","G",297,218,0.0004993,0.0937,0.07829,0.000574969981548646
"21555",1,"RS1625029",110890928,"A","G",109,167,0.0004809,0.037,0.06179,0.000576726188094451
"86660",2,"RS992871",220397828,"T","C",670,803,0.0005295,0.3131,0.451,0.000578641918659288
"742524",19,"RS12977838",7383985,"A","G",660,792,0.000532,0.2882,0.4377,0.000581715675940956
"256802",7,"RS2348558",7808086,"C","T",439,342,0.0005187,0.189,0.103,0.000583586154686892
"557916",14,"RS11157383",43652774,"G","A",714,589,0.0005344,0.2511,0.3512,0.000586979786173159
"234495",6,"RS3104095",98990159,"A","G",550,671,0.0005346,0.2297,0.3141,0.000588800710825267
"357955",9,"RS7871395",91399407,"T","C",661,541,0.0005377,0.2777,0.2273,0.0005926641130698
"819308",21,"RS2211779",29783729,"G","A",238,320,0.0005179,0.1496,0.02882,0.000593528296619988
"218927",6,"RS2108691",30056344,"A","C",336,432,0.000532,0.165,0.1217,0.000599062652681062
"407069",10,"RS7070794",134767824,"C","T",196,271,0.0005193,0.03049,0.1679,0.000601525917565469
"218928",6,"RS2735069",30056461,"A","C",322,416,0.0005398,0.164,0.113,0.000609065720018362
"262807",7,"RS7801967",28211820,"T","C",622,506,0.0005526,0.3332,0.129,0.00061074285209995
"218855",6,"RS9259650",29984419,"A","G",233,314,0.0005336,0.1351,0.1889,0.000612152188242423
"70042",2,"RS12469358",128762054,"C","T",452,562,0.0005515,0.2449,0.1672,0.000612467602094862
"35634",1,"RS11119343",208009779,"G","A",810,677,0.0005626,0.3158,0.4606,0.000614453635275039
"76355",2,"RS10199735",164140421,"T","C",594,719,0.0005613,0.2838,0.2958,0.000616142375756427
"218878",6,"RS16896742",30030719,"G","A",635,764,0.0005629,0.3971,0.3881,0.00061625757281299
"819031",21,"RS4642025",28301523,"G","A",453,563,0.0005585,0.2167,0.2154,0.000620147758654173
"662090",17,"RS1110614",68262269,"C","T",624,508,0.0005653,0.1414,0.4419,0.000624560002462714
"530951",13,"RS2806310",99229898,"C","T",516,411,0.0005634,0.06827,0.4224,0.000628289203477682
"48210",2,"RS7581919",15582207,"C","T",102,58,0.0005042,0.0006132,0.05246,0.000629347074750688
"703783",18,"RS2053248",46402193,"T","C",813,680,0.0005772,0.3649,0.3667,0.000630260740575108
"359883",9,"RS7850895",100955897,"C","T",124,75,0.0005137,0.0004088,0.08469,0.000630771000561938
"246008",6,"RS9397673",154308402,"G","A",528,646,0.0005734,0.2903,0.1969,0.000632485049614629
"527690",13,"RS4635230",84444608,"A","C",756,628,0.0005803,0.2988,0.4192,0.00063553450470475
"523392",13,"RS1845810",64235484,"T","G",489,387,0.0005684,0.1748,0.1748,0.000635608534106951
"268040",7,"RS7781977",50316680,"T","C",779,649,0.0005814,0.4737,0.2855,0.000635878100609775
"699770",18,"RS2595372",27492355,"G","T",595,482,0.0005747,0.2208,0.2011,0.000636376190951923
"823814",21,"RS4819176",46207484,"G","A",363,462,0.0005674,0.1239,0.1886,0.000636397602659673
"553940",14,"RS11159001",24486434,"A","G",473,585,0.0005747,0.37,0.08983,0.00063681023117048
"263634",7,"RS1468687",31072473,"C","T",578,701,0.0005832,0.1942,0.4527,0.000640850978177433
"240706",6,"RS6901603",130813845,"A","G",629,757,0.0005856,0.3755,0.2881,0.000641328553946831
"35624",1,"RS11119328",207951941,"A","C",637,520,0.0005824,0.2644,0.1913,0.000642730509053901
"526823",13,"RS942233",79599849,"A","G",746,619,0.0005872,0.3023,0.3771,0.00064343592596843
"527701",13,"RS9547030",84465637,"T","G",619,746,0.0005872,0.4043,0.2299,0.00064343592596843
"28530",1,"RS764206",169811675,"C","T",521,638,0.0005888,0.1805,0.3442,0.000649735937967152
"23025",1,"RS7536105",117619577,"T","C",728,865,0.000598,0.3908,0.4704,0.000651158841255457
"791766",20,"RS1411206",50960763,"G","A",749,622,0.0006037,0.4681,0.219,0.000661360504533453
"319307",8,"RS2380580",70790837,"T","C",708,843,0.0006083,0.4262,0.5,0.000662986966229827
"379277",10,"RS10905122",7315512,"C","T",465,366,0.0005941,0.0681,0.2874,0.000666016367695501
"700664",18,"RS8097433",32364761,"T","C",808,676,0.0006113,0.3933,0.4372,0.000667446237514998
"330683",8,"RS12334809",130100188,"T","C",318,237,0.0005855,0.06973,0.1364,0.00067085537632294
"172816",5,"RS4596398",31259438,"C","A",641,524,0.0006084,0.1706,0.3616,0.000671067766377723
"318133",8,"RS16930057",64068676,"A","G",524,641,0.0006084,0.2665,0.2025,0.000671067766377723
"162544",4,"RS1479377",176310155,"T","C",583,706,0.0006127,0.3934,0.1844,0.000672866795579729
"259188",7,"RS4636099",15217595,"T","G",405,313,0.000596,0.1364,0.1012,0.000673203773760479
"793897",20,"RS348841",58437987,"C","T",405,313,0.000596,0.08507,0.1865,0.000673203773760479
"405241",10,"RS4448606",128574987,"C","T",699,833,0.0006181,0.4074,0.3594,0.000673991924093384
"48213",2,"RS6734024",15635631,"G","A",625,752,0.0006206,0.2784,0.3316,0.000679626082590839
"358831",9,"RS10992869",95502453,"A","G",189,262,0.0005873,0.1238,0.02808,0.000681332811294837
"360794",9,"RS10820405",105050058,"A","G",479,591,0.0006172,0.2416,0.1869,0.000683387254865972
"171081",5,"RS6451916",20932537,"G","T",517,633,0.0006247,0.2515,0.4843,0.000689414608568333
"519935",13,"RS2077054",45386344,"G","C",659,789,0.0006347,0.361,0.4016,0.00069359718033073
"244547",6,"RS9322158",149283788,"A","G",265,350,0.0006091,0.05667,0.1899,0.00069372729768619
"600323",15,"RS10520589",83811349,"C","A",450,353,0.0006192,0.1932,0.08695,0.000695190618512802
"330692",8,"RS4339605",130181350,"C","T",732,607,0.0006354,0.3931,0.2417,0.000696624399333096
"326509",8,"RS989291",109089576,"A","G",436,543,0.0006268,0.08913,0.4534,0.000696867188361922
"742528",19,"RS4804602",7393313,"G","A",715,850,0.0006436,0.4248,0.449,0.000701104238149243
"425577",11,"RS3903292",16163234,"A","C",767,639,0.000641,0.2648,0.4732,0.000701285639742275
"247376",6,"RS927451",160133426,"A","C",656,538,0.000638,0.1703,0.4426,0.000702872524737517
"320778",8,"RS1433967",77658291,"T","C",635,519,0.0006385,0.1554,0.4659,0.000704430633218682
"424445",11,"RS4910003",11418874,"C","T",661,791,0.0006458,0.3677,0.3395,0.000705557946867763
"478990",12,"RS1146077",60769676,"T","G",711,588,0.0006432,0.2307,0.4067,0.000705966233136193
"92020",3,"RS12636546",1042033,"T","G",578,700,0.0006433,0.2356,0.3923,0.000706579621044614
"521318",13,"RS1324997",52282657,"G","A",118,177,0.0005923,0.01393,0.08871,0.00070673036965074
"256840",7,"RS35795180",7835265,"G","T",313,233,0.0006178,0.1479,0.05027,0.00070839086023559
"308884",8,"RS7003286",15897344,"C","T",728,864,0.0006531,0.4978,0.4534,0.000710941656873657
"256808",7,"RS6463725",7811856,"C","T",804,673,0.0006529,0.388,0.3766,0.000712774814585286
"480684",12,"RS775474",68362200,"A","G",579,701,0.0006496,0.2661,0.304,0.00071344763985889
"240479",6,"RS6917887",130066322,"G","A",620,746,0.0006517,0.4632,0.2479,0.000713739326802701
"401722",10,"RS2475176",114610872,"A","C",227,306,0.0006219,0.004294,0.2538,0.000714122411886193
"328835",8,"RS9643154",122266575,"G","A",488,387,0.0006392,0.3083,0.04185,0.000714404860320455
"112064",3,"RS9868170",101396829,"G","A",718,853,0.0006592,0.4471,0.4596,0.000717890992198804
"176903",5,"RS327240",55216666,"C","A",616,502,0.0006509,0.2495,0.2134,0.000719144637109945
"343698",9,"RS439975",4822888,"T","C",295,384,0.0006366,0.09035,0.1539,0.000720994135341501
"96493",3,"RS12638270",15334823,"A","G",782,653,0.0006608,0.3188,0.4025,0.00072217935724373
"347133",9,"RS2011091",15001915,"C","A",512,627,0.0006556,0.2825,0.3976,0.000723666001428728
"530927",13,"RS9557276",99115089,"G","T",794,664,0.0006626,0.2947,0.4595,0.000723763143604841
"709303",18,"RS17828134",69417610,"G","A",278,203,0.0006269,0.1024,0.05914,0.000724246279710052
"168820",5,"RS16883500",9794430,"C","T",158,225,0.0006181,0.2295,0.002009,0.000724498607974667
"379275",10,"RS4747439",7308389,"A","G",480,380,0.0006497,0.06787,0.3114,0.000726735325135685
"791228",20,"RS941798",48596642,"A","G",843,709,0.0006704,0.4285,0.4404,0.000730374483201354
"286753",7,"RS11773068",157442913,"G","A",628,513,0.0006628,0.2665,0.2118,0.00073153559999463
"3488",1,"RS11203247",18157845,"G","A",397,499,0.0006554,0.1314,0.2258,0.000731620166905186
"480663",12,"RS710741",68315603,"A","G",300,222,0.0006402,0.0137,0.2194,0.000735972885320146
"5490",1,"RS1578213",28222878,"T","C",275,361,0.0006493,0.221,0.01999,0.000737958371580903
"794712",20,"RS6090243",61208831,"A","G",683,563,0.000675,0.2775,0.269,0.00074199835595849
"352396",9,"RS3750434",35729876,"A","G",700,833,0.0006816,0.4464,0.4379,0.000742872501866624
"521330",13,"RS1323103",52307163,"C","T",459,568,0.0006707,0.1329,0.3582,0.000743781115815229
"867060",22,"RS961500",43717774,"A","G",496,609,0.0006754,0.3555,0.1173,0.000746465594655266
"249176",6,"RS9459489",166045609,"T","C",679,810,0.0006866,0.3584,0.4092,0.000749181679395979
"165419",4,"RS11723770",187624198,"C","T",695,574,0.0006821,0.2379,0.3197,0.000749219504834339
"132775",4,"RS4689808",7683123,"G","A",684,564,0.0006817,0.2546,0.2697,0.000749341691880713
"644713",16,"RS7203274",76242030,"G","A",242,323,0.0006551,0.01778,0.2474,0.000749532209287014
"93998",3,"RS1394156",6199872,"C","T",669,799,0.0006914,0.3161,0.464,0.000754815299893298
"330682",8,"RS1372452",130098216,"A","G",316,236,0.0006616,0.07,0.1358,0.000757887698815684
"39368",1,"RS3795816",226747818,"T","C",526,642,0.0006883,0.4873,0.1507,0.000758750639210937
"16928",1,"RS6576866",87374059,"T","C",621,507,0.000688,0.1584,0.3383,0.000759630083977153
"123456",3,"RS4680489",160262445,"A","C",157,102,0.0006319,0.0002044,0.1048,0.00076087661702159
"638660",16,"RS4548895",29831011,"T","C",692,824,0.0006984,0.4028,0.4002,0.00076149909878759
"358316",9,"RS2290889",92679670,"T","C",208,144,0.0006467,0.06173,0.05219,0.000762182820402986
"16929",1,"RS927725",87381122,"G","A",521,417,0.0006845,0.1552,0.2047,0.000762216275336716
"381162",10,"RS729435",13728577,"T","C",586,708,0.0006951,0.233,0.3813,0.000762808239352284
"187049",5,"RS26573",111463668,"C","A",88,48,0.0006036,0.0004092,0.04653,0.000763409490478105
"819504",21,"RS2832747",30568678,"T","C",754,628,0.0007006,0.2496,0.4695,0.00076669439857214
"286751",7,"RS6945137",157440864,"C","A",277,363,0.0006752,0.1051,0.1262,0.000766963611744384
"54073",2,"RS4952548",42017719,"A","C",671,801,0.0007031,0.3702,0.3422,0.000767486810120633
"384448",10,"RS12573019",26354311,"A","G",508,622,0.0006956,0.3593,0.1315,0.000767909738112057
"112320",3,"RS10049146",102817443,"C","A",439,344,0.0006862,0.1654,0.1128,0.000771053586861475
"525420",13,"RS1570739",73523692,"G","A",612,499,0.0006985,0.1545,0.3274,0.000771643023069561
"213995",6,"RS12662634",11182177,"A","G",687,567,0.0007023,0.4354,0.1897,0.000771669155928548
"192265",5,"RS9327783",136671767,"A","G",608,732,0.0007055,0.4149,0.2226,0.000773070887881278
"244075",6,"RS444339",147793911,"A","G",64,109,0.0006233,0.01227,0.05347,0.00077359805404246
"111187",3,"RS1915304",89787083,"T","C",393,494,0.0006958,0.121,0.2486,0.000776813033181608
"59691",2,"RS17030805",65866587,"A","G",90,142,0.0006402,0.06894,0.001233,0.000777134645949947
"784764",20,"RS453349",15199031,"T","C",436,542,0.0007002,0.1303,0.2752,0.000778068945637603
"749694",19,"RS9636139",57213108,"A","G",651,779,0.0007121,0.457,0.2637,0.000778176395501411
"352411",9,"RS13284995",35832854,"T","C",684,815,0.0007156,0.3813,0.4286,0.000780474896252686
"286752",7,"RS4716836",157441344,"C","T",278,364,0.0006884,0.1051,0.1264,0.00078175341477173
"487866",12,"RS17188203",104270897,"T","C",624,510,0.000711,0.2087,0.2714,0.000784653180703373
"588247",15,"RS1511493",23769103,"A","G",877,741,0.0007221,0.4695,0.4596,0.000785219811484862
"525414",13,"RS2025533",73506122,"T","C",614,501,0.0007142,0.1519,0.3299,0.000788745760481282
"325444",8,"RS2515210",104178987,"A","G",675,805,0.000727,0.3625,0.4295,0.000793263407385213
"564461",14,"RS175896",75378442,"C","A",560,679,0.0007229,0.4052,0.1671,0.00079467530367548
"197734",5,"RS357181",163873764,"T","C",296,219,0.0006913,0.0137,0.1994,0.000794971702958392
"353011",9,"RS1467575",38412045,"T","C",643,770,0.0007286,0.3007,0.4284,0.000796540469746517
"128152",3,"RS12152209",185676882,"A","G",605,493,0.0007249,0.35,0.129,0.000801052653409326
"656159",17,"RS4795277",33847507,"G","T",771,644,0.000735,0.412,0.2771,0.000803410903431407
"185010",5,"RS6596059",100998901,"C","T",114,68,0.0006502,0.0364,0.02093,0.000803932919285408
"26281",1,"RS12024415",161099030,"T","C",339,433,0.0007166,0.1122,0.1791,0.00080564195740269
"745889",19,"RS16964188",35618712,"C","T",156,222,0.0006871,0.06748,0.06657,0.000805723770852716
"86634",2,"RS6436163",220312143,"T","C",666,795,0.0007383,0.3083,0.4251,0.000806009250564724
"93208",3,"RS2584042",3725029,"G","A",795,666,0.0007383,0.359,0.365,0.000806009250564724
"443114",11,"RS12800508",107267833,"G","A",304,226,0.0007038,0.1086,0.07167,0.000807927933222828
"218797",6,"RS2508053",29927888,"A","G",760,634,0.0007389,0.4938,0.433,0.000808125843692091
"565578",14,"RS12890943",79393165,"C","T",148,95,0.000674,0.01819,0.06844,0.000815200028980912
"166442",5,"RS10051014",1729668,"C","T",738,614,0.0007453,0.3436,0.2665,0.000816127664782305
"137807",4,"RS4692098",30168516,"C","T",646,773,0.0007478,0.4151,0.2542,0.00081727237672519
"308272",8,"RS746836",14932663,"T","C",553,671,0.0007441,0.2494,0.2814,0.000818242977753641
"662091",17,"RS10512589",68263039,"C","G",628,514,0.0007424,0.1409,0.4948,0.00081888201987493
"114226",3,"RS4682357",113297407,"G","A",727,604,0.0007477,0.2522,0.3816,0.00081935180046156
"590099",15,"RS426634",32359216,"T","C",604,727,0.0007477,0.3151,0.2655,0.00081935180046156
"164220",4,"RS1125145",183298226,"G","A",679,809,0.0007514,0.3448,0.4586,0.00081962276500805
"18549",1,"RS2391390",95225084,"T","C",262,190,0.0007077,0.09877,0.04657,0.000820260282913897
"18257",1,"RS563429",94326454,"C","T",486,597,0.0007437,0.184,0.3031,0.000822290961594023
"132776",4,"RS4689810",7683230,"C","T",739,615,0.0007521,0.26,0.4294,0.000823458658340606
"654411",17,"RS11654191",23340941,"C","T",705,584,0.0007511,0.3621,0.2081,0.000824082248250076
"118162",3,"RS2951397",133269214,"C","T",786,658,0.000756,0.4784,0.3727,0.000825582568543558
"395863",10,"RS10509467",84912418,"A","G",661,544,0.0007504,0.4411,0.1189,0.000825695186178162
"179941",5,"RS4422515",72623211,"T","G",822,691,0.0007576,0.3723,0.4027,0.000825763883312277
"99749",3,"RS3821575",29595119,"G","A",605,728,0.0007546,0.437,0.2036,0.000826823946575863
"24182",1,"RS11204988",150610517,"C","T",415,518,0.0007461,0.1827,0.1883,0.00083066014583674
"148285",4,"RS12506428",94049907,"T","C",703,835,0.0007631,0.4941,0.4577,0.00083116499869057
"161518",4,"RS13114906",170008187,"A","G",223,157,0.0007099,0.04049,0.09158,0.000832048621749
"379191",10,"RS2387895",7037867,"T","C",555,673,0.0007591,0.188,0.3811,0.00083453780938091
"489416",12,"RS7316919",113275838,"A","C",289,376,0.0007416,0.1157,0.2172,0.000840223107654206
"246011",6,"RS7758009",154311203,"C","T",498,610,0.0007662,0.3001,0.1572,0.00084621208132318
"219462",6,"RS17195411",30620582,"G","A",28,60,0.0006467,0.01701,0.007886,0.000846496085616673
"87092",2,"RS2037327",222220813,"G","A",539,434,0.0007623,0.2439,0.1336,0.000846917629432325
"530943",13,"RS12430063",99186909,"G","A",611,499,0.0007747,0.1481,0.3833,0.000855446312087866
"11490",1,"RS7515011",61464763,"C","T",80,129,0.0007005,0.006389,0.07525,0.000856814915781572
"53523",2,"RS13028070",40138649,"G","A",149,96,0.0007091,0.0006132,0.1109,0.000857031704087552
"471280",12,"RS10459074",21368033,"A","G",578,698,0.0007812,0.3181,0.2795,0.000857408580948925
"25945",1,"RS11581823",159784008,"G","T",343,437,0.0007634,0.09411,0.213,0.000857478315054677
"566320",14,"RS1350280",82728476,"G","A",283,369,0.0007571,0.08691,0.1465,0.000858616926299227
"57099",2,"RS17189119",53136838,"A","G",224,158,0.0007332,0.01217,0.1454,0.00085894952021414
"91913",3,"RS13087881",445808,"C","T",599,721,0.0007853,0.2871,0.3039,0.000860559831405041
"104966",3,"RS1385713",59833690,"A","G",353,269,0.0007569,0.03966,0.1963,0.000860638676841169
"741373",19,"RS11670805",1302916,"T","C",210,285,0.000749,0.018,0.1901,0.000863071043883518
"72404",2,"RS7594687",141520072,"C","T",134,84,0.0007081,0.0008177,0.08346,0.000863364747083087
"742529",19,"RS722441",7403288,"T","G",610,733,0.0007898,0.2331,0.4484,0.000864878338220594
"54341",2,"RS6749927",43338060,"G","A",569,688,0.0007895,0.2331,0.3377,0.000866999750469365
"823416",21,"RS1573477",44685340,"G","A",688,569,0.0007895,0.2492,0.3277,0.000866999750469365
"819055",21,"RS2831511",28407230,"T","C",666,549,0.0007891,0.2092,0.3904,0.000867823959777251
"429454",11,"RS2982608",34147338,"G","A",561,454,0.0007835,0.08896,0.4712,0.00086872465628883
"434644",11,"RS12799530",68191485,"G","T",393,493,0.0007807,0.1638,0.2645,0.00087117141241167
"597287",15,"RS895138",66628843,"T","C",67,33,0.0006739,0.001431,0.0323,0.000873719836912376
"532973",13,"RS9520088",105947685,"C","T",805,676,0.0008021,0.4393,0.2757,0.000874824118753095
"523797",13,"RS1323922",66385414,"G","A",171,114,0.0007344,0.004293,0.1046,0.000877885478415093
"564354",14,"RS7149441",74888300,"A","G",475,377,0.0007867,0.07318,0.3273,0.000879613899001203
"89321",2,"RS2633261",232840069,"C","T",138,200,0.0007453,0.01125,0.122,0.000880238108141077
"394987",10,"RS780151",80601487,"T","C",521,635,0.0007996,0.1611,0.4195,0.000881194657845652
"195093",5,"RS17741008",150877091,"T","C",337,430,0.000785,0.2094,0.05785,0.00088238516996105
"18560",1,"RS12755096",95309303,"G","A",523,420,0.0007961,0.1408,0.2367,0.000885663216916203
"145204",4,"RS1554014",77152558,"A","G",111,66,0.0007185,0.0002046,0.06942,0.000890326910088255
"140005",4,"RS4861124",41337646,"G","A",532,647,0.0008105,0.1757,0.4131,0.0008923534047893
"318065",8,"RS6989572",63837716,"A","G",422,330,0.000794,0.1832,0.08936,0.000893331484422297
"159266",4,"RS4691398",158541992,"A","G",542,658,0.0008121,0.1715,0.37,0.000893484732796968
"24065",1,"RS17640579",149788557,"G","A",552,669,0.000813,0.2793,0.2467,0.000893786045109563
"135087",4,"RS4698599",17087366,"A","G",749,625,0.0008221,0.2751,0.4823,0.000899237514710678
"169724",5,"RS10513155",13841886,"A","C",543,659,0.0008203,0.2137,0.2935,0.000902405735203505
"790302",20,"RS6018187",44991444,"G","A",149,213,0.0007689,0.003884,0.1515,0.000903775851062017
"16927",1,"RS6576865",87372285,"G","A",515,413,0.000813,0.1577,0.2028,0.00090510378952522
"240457",6,"RS6922711",130028485,"C","T",703,834,0.0008334,0.4427,0.448,0.000907489903852749
"598001",15,"RS8041918",69806558,"C","T",371,468,0.0008116,0.1253,0.205,0.000907975392715221
"708383",18,"RS11665578",65893426,"C","T",280,206,0.0007888,0.009733,0.2184,0.0009097285373075
"43168",1,"RS2654856",240736003,"T","C",347,441,0.0008122,0.07955,0.2628,0.000911524235859816
"221381",6,"RS16870207",32606390,"G","A",347,441,0.0008122,0.1785,0.1137,0.000911524235859816
"198863",5,"RS1345591",168563193,"A","G",139,201,0.0007726,0.06337,0.0453,0.000912025572136505
"172686",5,"RS10050805",30841110,"T","C",5,23,0.0006697,0.0002046,0.009109,0.000912234187126161
"90562",2,"RS7583498",237559180,"T","G",406,316,0.0008097,0.1345,0.1288,0.000912930301328235
"352019",9,"RS17337873",33398019,"A","G",316,406,0.0008097,0.1507,0.1087,0.000912930301328235
"96878",3,"RS6796955",16860606,"T","C",90,50,0.0007232,0.0008177,0.05616,0.000913112874001581
"183864",5,"RS6861217",94228273,"A","G",225,302,0.000796,0.07686,0.1078,0.0009135983809763
"644093",16,"RS10514391",73762219,"T","C",48,20,0.000685,0.001023,0.02806,0.000914390721287558
"104965",3,"RS687342",59828620,"G","A",161,106,0.0007628,0.002052,0.1001,0.000915996871799982
"162461",4,"RS7438094",175843767,"C","A",497,397,0.0008243,0.06071,0.4835,0.000919241995226148
"793860",20,"RS6100863",58329003,"A","G",469,372,0.0008233,0.08344,0.2696,0.000920943804250198
"2973",1,"RS10803340",15239537,"A","G",332,424,0.0008198,0.06582,0.2547,0.00092205892325948
"18255",1,"RS546550",94323143,"C","T",487,597,0.0008347,0.1845,0.305,0.000922404628222119
"274307",7,"RS17691129",91005538,"G","A",287,373,0.0008153,0.05994,0.2154,0.000923667489563046
"356071",9,"RS10512111",82781305,"A","G",406,507,0.0008299,0.07911,0.3712,0.000924540767210225
"161532",4,"RS2877380",170165417,"C","A",365,280,0.0008173,0.04252,0.228,0.000927076719707055
"491988",12,"RS1476796",125335886,"A","G",640,526,0.0008422,0.2643,0.2207,0.000927613056437885
"741607",19,"RS741103",2722641,"G","A",566,684,0.0008452,0.4381,0.1727,0.000928098255815078
"176106",5,"RS11749642",51929991,"T","G",259,341,0.000815,0.1413,0.06478,0.000928290449395036
"597734",15,"RS12912411",68598218,"T","C",166,233,0.000796,0.03128,0.1169,0.00092948439635049
"181188",5,"RS13164947",78077732,"A","C",730,608,0.0008521,0.2403,0.4143,0.000932986208585871
"426020",11,"RS17567204",18134070,"T","C",325,416,0.0008289,0.03067,0.3532,0.000933143496911479
"365143",9,"RS1548754",120908075,"C","T",13,37,0.0006885,0.001646,0.02305,0.00093622291085183
"396753",10,"RS2755427",89407452,"T","C",588,479,0.0008472,0.2573,0.178,0.000936737884069694
"694436",18,"RS2051253",2022309,"A","G",598,719,0.0008554,0.3114,0.2728,0.000937182772545016
"749690",19,"RS11084130",57204508,"A","C",652,778,0.0008623,0.4577,0.2648,0.00094148108886651
"565356",14,"RS4899727",78394606,"G","A",60,103,0.0007571,0.0006137,0.05564,0.00094429280251586
"152161",4,"RS7665509",116008177,"A","G",202,140,0.0008006,0.05499,0.05736,0.000944575528605173
"128148",3,"RS9878757",185672327,"G","T",686,568,0.0008616,0.3404,0.2149,0.000945835058160545
"284867",7,"RS17837498",149640612,"G","A",589,709,0.0008661,0.3995,0.2647,0.000949371907964267
"201257",5,"RS3797608",178554036,"C","T",509,621,0.0008629,0.4941,0.08752,0.000951558648098426
"350346",9,"RS12338262",26790359,"C","A",319,240,0.0008337,0.07829,0.1101,0.000953350198649027
"120887",3,"RS1553977",147143052,"C","T",444,350,0.0008501,0.1053,0.1999,0.000953531372464384
"177813",5,"RS17796040",58790267,"T","C",94,146,0.0007891,0.003271,0.08571,0.000954973520030537
"57102",2,"RS10445891",53141525,"T","G",234,167,0.0008204,0.01234,0.1502,0.000957572617249485
"190835",5,"RS17686636",129196271,"T","C",167,234,0.0008204,0.001431,0.1737,0.000957572617249485
"659252",17,"RS792369",52801070,"G","T",710,590,0.0008741,0.2436,0.3325,0.000958046999487256
"566323",14,"RS1154827",82758347,"A","C",282,367,0.0008483,0.08569,0.146,0.00096171617963139
"514781",13,"RS1961326",24028044,"C","T",688,817,0.0008835,0.4021,0.373,0.000962509049045166
"700670",18,"RS950777",32374006,"A","G",805,677,0.0008843,0.3944,0.4616,0.000964034911615605
"529919",13,"RS17189561",94749594,"C","T",151,215,0.0008218,0.002049,0.1558,0.00096504719281741
"74864",2,"RS249702",155061603,"G","T",677,560,0.0008791,0.1718,0.4761,0.00096556583633382
"247378",6,"RS13196139",160141180,"G","A",644,530,0.0008774,0.1699,0.4427,0.000965910797857323
"49601",2,"RS4665797",21523281,"C","T",268,351,0.0008498,0.02109,0.2574,0.000965945607591624
"246685",6,"RS6931416",156829152,"T","C",612,734,0.0008831,0.3681,0.2675,0.00096645114593753
"640602",16,"RS17300655",54048550,"A","C",530,427,0.00087,0.1645,0.2047,0.00096671897398628
"441990",11,"RS11568818",101906871,"G","A",436,540,0.0008717,0.08136,0.4501,0.000967747241076882
"556881",14,"RS7148403",38248309,"A","G",343,436,0.000862,0.1506,0.1345,0.00096775071750174
"88755",2,"RS958110",230094287,"T","C",746,623,0.0008863,0.3578,0.2649,0.000969316497196156
"35662",1,"RS10863794",208130811,"T","C",758,634,0.0008888,0.2707,0.4559,0.000971339399763521
"154256",4,"RS7699051",127624065,"G","T",868,735,0.0008941,0.472,0.4537,0.000971660858680734
"469603",12,"RS2160732",13872593,"C","A",634,521,0.0008843,0.176,0.3329,0.000974122490546673
"26305",1,"RS12036017",161138911,"A","G",290,376,0.0008609,0.1125,0.1222,0.000974574320970695
"863104",22,"RS138646",26719012,"A","C",126,185,0.0008211,0.01536,0.107,0.00097501435911256
"112060",3,"RS7623587",101389441,"C","T",724,856,0.0008975,0.4492,0.4618,0.00097591012203534
"50744",2,"RS6547906",29125976,"A","G",541,656,0.0008876,0.1836,0.4546,0.000976238896829965
"422176",11,"RS1055639",3803837,"T","C",759,635,0.0008964,0.2711,0.4369,0.000979582435522082
"154008",4,"RS2663266",126425216,"G","A",646,771,0.000898,0.4826,0.2449,0.00098067300436438
"18247",1,"RS4147831",94316821,"T","C",262,344,0.0008653,0.1243,0.08793,0.000984654346532342
"99750",3,"RS13316164",29595167,"G","A",604,725,0.000903,0.437,0.2035,0.000988693038723628
"360792",9,"RS10990652",105048515,"C","A",503,614,0.0008963,0.24,0.1869,0.000988736188064889
"709012",18,"RS4892036",68554674,"C","T",429,337,0.0008871,0.08749,0.2331,0.00099657890186824
"709016",18,"RS4892037",68574532,"C","T",429,337,0.0008871,0.08507,0.2383,0.00099657890186824
"111521",3,"RS980031",97623340,"T","C",242,174,0.0008561,0.07052,0.07238,0.00099672825665887
"596283",15,"RS902033",60988388,"G","A",563,457,0.0009034,0.1592,0.259,0.00100072713205092
"21553",1,"RS2790372",110888647,"T","G",108,163,0.0008347,0.03661,0.0601,0.00100096993757041
"385032",10,"RS10826486",28990847,"G","A",681,564,0.0009135,0.4628,0.1482,0.00100286353751280
"166319",5,"RS6554660",1260527,"A","G",627,750,0.0009176,0.3059,0.352,0.00100307691742891
"439515",11,"RS565398",91858879,"A","G",762,638,0.0009196,0.3029,0.4557,0.00100459232934871
"443970",11,"RS600964",112655260,"T","G",466,370,0.0008994,0.08937,0.2951,0.00100591621950625
"703041",18,"RS2852950",43552228,"G","A",727,606,0.0009193,0.3201,0.2614,0.00100627552189001
"2439",1,"RS6541035",12543132,"T","C",467,574,0.0009121,0.1965,0.2335,0.00100928151717025
"177751",5,"RS7703022",58631363,"T","C",387,485,0.0009044,0.06316,0.4227,0.00100929988930315
"366204",9,"RS2297604",126329039,"C","A",299,223,0.0008797,0.171,0.005172,0.00100965621686022
"819307",21,"RS2832348",29775014,"G","A",223,299,0.0008797,0.1405,0.02931,0.00100965621686022
"527560",13,"RS1541072",83819357,"G","A",596,716,0.0009232,0.4124,0.1952,0.00101121562127848
"80726",2,"RS10931156",185505932,"G","A",627,515,0.0009189,0.1636,0.3734,0.00101257058590076
"304245",8,"RS2194604",3951430,"T","C",639,763,0.0009274,0.3951,0.2637,0.00101302290017193
"318124",8,"RS1350057",64037636,"A","G",422,524,0.0009122,0.2642,0.09837,0.00101392209628167
"443893",11,"RS1940698",112403346,"T","C",534,431,0.0009142,0.2324,0.1379,0.00101519749070500
"149857",4,"RS6532958",102873843,"T","C",370,285,0.0008962,0.1071,0.2701,0.00101528488171147
"638662",16,"RS4583255",29896442,"C","T",718,849,0.0009353,0.4038,0.4372,0.00101708976956807
"330586",8,"RS1561928",129637243,"T","C",113,169,0.0008538,0.0008177,0.1079,0.00102073960931617
"653533",17,"RS11651653",16364606,"G","A",354,271,0.0009002,0.1139,0.1093,0.00102238147965646
"234184",6,"RS9399876",96830505,"G","A",661,546,0.0009325,0.2395,0.3423,0.00102504925480708
"341794",9,"RS13288618",294957,"T","C",243,175,0.0008811,0.005121,0.1965,0.00102526932404466
"367809",9,"RS2362365",134288053,"A","G",674,801,0.0009437,0.4834,0.2983,0.00102863627196046
"819309",21,"RS2832357",29785765,"G","A",237,315,0.0009005,0.1489,0.0288,0.00103003809319496
"794659",20,"RS6090153",60991628,"T","C",517,629,0.0009381,0.2615,0.2288,0.00103347465484282
"259630",7,"RS697523",16732423,"C","A",118,175,0.0008685,0.002658,0.1093,0.00103548536674769
"219890",6,"RS12198448",31100325,"C","T",251,331,0.0009128,0.1106,0.1009,0.0010408532006301
"515031",13,"RS7326072",25064890,"A","G",332,423,0.0009269,0.009403,0.4042,0.0010418653865212
"378136",10,"RS11252485",4396237,"C","A",589,708,0.0009522,0.1914,0.4899,0.00104334654340809
"163600",4,"RS7679482",181265112,"G","A",734,866,0.0009668,0.4922,0.4047,0.00105041692439681
"816042",21,"RS1556287",15842986,"G","A",588,480,0.0009506,0.2209,0.1678,0.00105050591770957
"473961",12,"RS7953222",31202342,"T","C",212,286,0.0009131,0.1016,0.06677,0.00105080139106180
"241979",6,"RS3823159",136524420,"G","A",199,138,0.0008909,0.09329,0.01429,0.00105167888786228
"281127",7,"RS7807320",130877451,"T","G",372,287,0.0009292,0.05724,0.2137,0.00105208225400654
"185172",5,"RS981988",101847880,"G","A",519,631,0.0009576,0.3307,0.1778,0.00105466461972432
"522937",13,"RS4886387",61447704,"T","C",854,723,0.000971,0.4076,0.3983,0.00105550115731711
"16931",1,"RS7553864",87385946,"T","C",642,529,0.0009594,0.1633,0.3948,0.00105579301958450
"130871",3,"RS3843376",198298821,"T","C",644,768,0.0009671,0.2509,0.4412,0.00105588488950711
"35625",1,"RS4844488",207952132,"G","A",357,451,0.0009433,0.248,0.05933,0.00105654982557120
"588913",15,"RS8026346",27237568,"G","T",341,433,0.0009434,0.04867,0.3185,0.00105901560877117
"566015",14,"RS1959495",81522661,"G","A",272,200,0.0009195,0.06547,0.1052,0.00106160195018689
"699756",18,"RS3764478",27424481,"A","C",558,453,0.000959,0.2863,0.1059,0.00106242037262627
"100190",3,"RS12487752",31381637,"G","A",621,510,0.0009648,0.3204,0.1401,0.00106336842564895
"482354",12,"RS1402318",76753767,"G","A",518,417,0.0009564,0.3017,0.08099,0.00106342011517590
"325397",8,"RS1533182",104022495,"G","T",265,194,0.0009197,0.01657,0.1737,0.00106371876974637
"14557",1,"RS12143716",76228182,"A","G",165,231,0.0009111,0.002453,0.1674,0.00106380831403564
"239796",6,"RS1494137",125804925,"G","A",143,92,0.0008783,0.02127,0.06016,0.00106422778280122
"159280",4,"RS6842542",158594467,"G","A",426,528,0.0009587,0.16,0.1992,0.00106497008110061
"384427",10,"RS12766630",26220007,"T","C",530,643,0.0009691,0.3466,0.1799,0.00106631196303551
"525318",13,"RS11839075",73225287,"T","C",88,138,0.0008812,0.0006132,0.08424,0.00107093273766081
"72315",2,"RS288111",141227261,"T","C",758,635,0.0009822,0.3539,0.3231,0.00107293649090154
"266293",7,"RS6463092",42145902,"G","A",622,511,0.0009749,0.2484,0.2363,0.00107432721507156
"639934",16,"RS13353184",51518446,"A","G",511,622,0.0009749,0.1718,0.3276,0.00107432721507156
"390707",10,"RS10821636",61422061,"G","A",434,342,0.0009579,0.1249,0.1548,0.00107502173766874
"54370",2,"RS7605725",43495131,"G","A",551,666,0.000979,0.2365,0.3039,0.00107546205993532
"384876",10,"RS4749293",28338834,"C","T",819,691,0.0009878,0.4033,0.349,0.00107547303126826
"483348",12,"RS983059",82119847,"C","T",418,519,0.0009685,0.09939,0.3448,0.00107669462474456
"4590",1,"RS2744728",22413505,"T","C",471,375,0.000965,0.1648,0.1372,0.00107817053963028
"76357",2,"RS7597888",164144891,"T","C",735,614,0.0009862,0.4462,0.1938,0.00107869281641135
"443113",11,"RS10890774",107267436,"T","C",747,625,0.0009888,0.3532,0.2706,0.00108074399865687
"633495",16,"RS2795534",6396058,"A","C",870,738,0.0009956,0.4579,0.4163,0.00108125098525516
"396465",10,"RS6585992",87762118,"T","G",658,783,0.0009916,0.3613,0.3126,0.00108163302444400
"428025",11,"RS16914165",25573116,"G","T",35,12,0.000794,0.0006135,0.01331,0.00108853820647426
"100620",3,"RS11710380",33208528,"C","T",446,550,0.0009829,0.1008,0.3536,0.00108952919026341
"234173",6,"RS4590278",96779408,"T","G",713,594,0.0009961,0.2426,0.4157,0.00109089727271282
"489818",12,"RS10850555",114639978,"A","G",713,594,0.0009961,0.4418,0.1966,0.00109089727271282
"357972",9,"RS17539995",91431667,"A","G",195,266,0.0009437,0.02761,0.1598,0.00109098620036271
"187040",5,"RS184879",111422357,"A","C",88,49,0.0008623,0.0006132,0.04677,0.00109102361623575
"218908",6,"RS2256820",30048085,"A","G",343,435,0.0009725,0.1359,0.1593,0.00109118786119088
"274909",7,"RS12534274",94895446,"A","G",605,725,0.001,0.4938,0.2694,0.00109460740054103
"38267",1,"RS12743521",220167571,"A","G",574,691,0.001003,0.3044,0.2689,0.00110028932964636
"640740",16,"RS1833183",54482257,"T","C",494,603,0.0009984,0.273,0.2432,0.00110174806037613
"519070",13,"RS10492434",41736864,"A","G",326,247,0.0009659,0.02944,0.2031,0.00110206448648402
"182655",5,"RS2974061",85262920,"T","C",835,706,0.001016,0.4119,0.4026,0.00110478539347067
"467097",12,"RS3217907",4277097,"A","C",706,835,0.001016,0.4009,0.3602,0.00110478539347067
"212171",6,"RS9405785",4860027,"G","A",798,672,0.001015,0.3374,0.4657,0.00110614459763032
"161085",4,"RS13101560",168130873,"C","T",290,375,0.0009802,0.1011,0.1932,0.00110892553428719
"471489",12,"RS1517272",21988568,"G","A",727,607,0.001018,0.2826,0.3547,0.00111373952127501
"646667",16,"RS9931462",81119956,"T","C",681,565,0.001015,0.3635,0.1721,0.00111408590252166
"696083",18,"RS3786385",8310132,"C","T",565,681,0.001015,0.3273,0.2398,0.00111408590252166
"93990",3,"RS7625781",6194430,"A","G",673,799,0.001023,0.3232,0.4675,0.00111484626903602
"632723",16,"RS8049367",3920446,"T","C",673,799,0.001023,0.3346,0.4195,0.00111484626903602
"234194",6,"RS9391221",96865646,"T","G",583,476,0.001009,0.2452,0.1984,0.00111501401556316
"48429",2,"RS1430054",16544172,"A","G",512,412,0.001003,0.1043,0.2987,0.00111532307958993
"151383",4,"RS1992927",111818198,"T","C",106,160,0.0009298,0.08057,0.00197,0.00111604014464866
"708491",18,"RS1922097",66377273,"C","T",522,421,0.001005,0.2782,0.09877,0.00111717767438555
"743662",19,"RS12974686",14431703,"A","G",361,455,0.0009995,0.04947,0.3941,0.00111861770057086
"330684",8,"RS7844734",130111323,"T","C",648,535,0.001018,0.2569,0.2472,0.00111995267335897
"214031",6,"RS3734404",11321818,"C","T",708,837,0.001031,0.4507,0.3961,0.00112140722693629
"131765",4,"RS4689941",4860254,"A","C",674,800,0.001031,0.3249,0.4453,0.00112359321603340
"265905",7,"RS6462965",40232035,"A","C",850,720,0.001035,0.4632,0.4517,0.00112465940848141
"425624",11,"RS11023960",16462173,"C","G",496,605,0.00102,0.4196,0.1585,0.00112511146198643
"384873",10,"RS1419365",28337254,"T","C",503,404,0.001012,0.09832,0.3063,0.00112629991558465
"342349",9,"RS7019932",1501184,"T","C",289,215,0.0009799,0.06541,0.1152,0.00112650181079569
"589880",15,"RS951442",31705234,"T","C",838,709,0.001039,0.3892,0.4276,0.00112977995684231
"234494",6,"RS3125570",98987691,"G","A",536,649,0.001029,0.23,0.2844,0.00113089120973429
"119400",3,"RS9809852",140179129,"C","T",801,675,0.001039,0.353,0.449,0.00113238552566978
"646557",16,"RS2967321",80861067,"A","G",595,487,0.001026,0.2568,0.1883,0.00113270803688225
"479880",12,"RS12422746",65293337,"G","A",402,314,0.001006,0.101,0.1743,0.00113398834386059
"594818",15,"RS7167150",55945899,"T","G",710,839,0.001047,0.4335,0.462,0.00113819399594972
"99566",3,"RS12634340",29216898,"A","G",354,447,0.001016,0.2844,0.06408,0.00113827980481966
"530959",13,"RS725834",99254859,"T","G",661,547,0.001038,0.1648,0.4247,0.00114047756428497
"514798",13,"RS4769376",24092771,"T","G",695,578,0.001041,0.4601,0.1768,0.00114095608376603
"437444",11,"RS948018",81989662,"G","T",527,639,0.001038,0.2162,0.2893,0.00114231283489583
"18316",1,"RS3761906",94359950,"T","G",534,432,0.001031,0.322,0.08231,0.00114470191254395
"48449",2,"RS13400668",16637071,"T","C",352,270,0.001009,0.01267,0.2701,0.00114602389548872
"638665",16,"RS12325539",29941134,"C","T",700,828,0.001058,0.3993,0.3867,0.00115145565369233
"154300",4,"RS2654715",127863721,"T","C",508,618,0.001045,0.2495,0.2116,0.00115156624976009
"394983",10,"RS1769756",80594410,"A","G",528,640,0.001049,0.1637,0.417,0.00115359677211592
"472520",12,"RS11048180",25735149,"T","G",172,116,0.0009674,0.01554,0.08887,0.00115430852260307
"8231",1,"RS882464",43747351,"C","A",622,743,0.001056,0.3648,0.2821,0.00115449419284460
"34014",1,"RS805961",200857436,"C","T",755,633,0.001058,0.4141,0.3857,0.00115536115967813
"99654",3,"RS9830413",29403514,"A","G",590,708,0.001056,0.2346,0.37,0.00115611610594067
"72092",2,"RS13035654",140368755,"C","T",412,323,0.001028,0.08545,0.1864,0.00115625780531105
"448905",11,"RS3019862",132119700,"C","T",489,597,0.001048,0.4456,0.07266,0.00115695342277930
"786193",20,"RS6515030",19529688,"A","C",674,559,0.001056,0.2467,0.349,0.00115950455139238
"658666",17,"RS2958921",50320792,"T","C",612,732,0.001063,0.2455,0.382,0.00116253641609977
"137789",4,"RS1512155",30070637,"T","G",652,539,0.001059,0.172,0.4601,0.00116413063420142
"437662",11,"RS12362201",83202306,"T","C",63,106,0.0009407,0.0002044,0.06204,0.00116978557813077
"330678",8,"RS10505532",130091143,"A","C",721,602,0.001069,0.3239,0.269,0.00116993422459387
"74865",2,"RS249703",155061957,"T","C",675,560,0.001066,0.1712,0.4774,0.00117030573650985
"2891",1,"RS3930209",14998801,"T","C",733,613,0.001072,0.4691,0.221,0.00117246242332055
"632952",16,"RS1811257",4957388,"T","C",530,642,0.00107,0.2202,0.3002,0.00117638519271936
"390701",10,"RS10994094",61398202,"A","G",387,301,0.001043,0.1214,0.1194,0.00117721248820686
"218859",6,"RS3901687",29992880,"A","G",192,262,0.001019,0.1001,0.03821,0.00117856905236204
"342353",9,"RS10961846",1502748,"T","C",291,217,0.001026,0.06623,0.1155,0.00117892289413449
"32979",1,"RS12045836",196233050,"G","A",309,396,0.001051,0.1911,0.07164,0.00118444197402569
"180911",5,"RS2306344",76681558,"A","G",357,450,0.001061,0.08258,0.2994,0.00118801816668042
"359167",9,"RS17372603",97492787,"A","G",299,224,0.00104,0.06868,0.1155,0.00119231540465147
"159268",4,"RS11725238",158543829,"G","T",626,747,0.001093,0.3093,0.2993,0.00119368183357595
"35679",1,"RS12739243",208368666,"C","T",622,512,0.001089,0.2318,0.2307,0.00119910758729014
"448046",11,"RS536393",129225110,"C","T",522,633,0.00109,0.184,0.3491,0.00119985523358288
"381153",10,"RS4750390",13708722,"G","T",418,518,0.001081,0.07368,0.4655,0.00120094403430721
"323214",8,"RS4435678",92914686,"G","A",528,427,0.001082,0.154,0.2395,0.00120114159474405
"385033",10,"RS11007191",28997860,"C","T",678,563,0.001097,0.4677,0.1377,0.00120310735319274
"152815",4,"RS4834703",119911072,"A","G",142,203,0.001023,0.02965,0.08621,0.00120483191776854
"659250",17,"RS792376",52793555,"T","C",559,455,0.001091,0.2195,0.1862,0.00120747992324838
"93984",3,"RS7649836",6190390,"C","T",672,797,0.001109,0.3241,0.4739,0.00120787558941522
